# Blender 3.6.2
# www.blender.org
mtllib rzut_małpka.mtl
o Cube
v -0.015086 0.327547 0.003668
v -0.016187 0.326215 0.035238
v -0.017022 0.321068 0.068320
v -0.015632 0.286962 0.107387
v -0.013136 0.253506 0.116247
v -0.013052 0.245622 0.131447
v -0.013033 0.233116 0.158532
v -0.012478 0.221437 0.169852
v -0.011576 0.212757 0.165527
v -0.009866 0.215166 0.115726
v -0.011401 0.210497 0.165965
v -0.010018 0.196337 0.161224
v -0.008865 0.188159 0.149244
v -0.007525 0.180924 0.130348
v -0.005520 0.171599 0.100286
v -0.002917 0.159466 0.076135
v -0.001815 0.147068 0.078960
v -0.000848 0.094786 0.071459
v -0.000843 0.067851 0.061678
v -0.000029 0.037254 0.041110
v 0.000692 0.005586 0.041434
v 0.000150 -0.034545 -0.019195
v 0.000000 -0.034982 -0.069416
v 0.000000 -0.041930 -0.109404
v 0.000000 -0.046468 -0.146131
v 0.000000 -0.043348 -0.183567
v 0.000000 -0.023779 -0.213771
v 0.000000 -0.004963 -0.238427
v 0.000000 0.028672 -0.253053
v 0.000000 0.081036 -0.266893
v 0.000000 0.109657 -0.272903
v 0.000000 0.128428 -0.276602
v 0.000000 0.144010 -0.285951
v 0.000000 0.149587 -0.302517
v 0.000000 0.157132 -0.304650
v 0.000000 0.163200 -0.301041
v 0.000000 0.166153 -0.289396
v 0.000000 0.158444 -0.268401
v 0.000000 0.133184 -0.258888
v 0.000000 0.112351 -0.256737
v 0.000000 0.083990 -0.251632
v 0.000000 0.037537 -0.237704
v 0.000000 0.008767 -0.224373
v 0.000000 -0.006480 -0.203703
v 0.000000 -0.014988 -0.176477
v 0.000000 -0.010875 -0.143862
v 0.000000 0.001320 -0.111957
v 0.000000 0.020321 -0.090403
v 0.000000 0.034501 -0.081328
v -0.000069 0.066213 -0.069072
v -0.001900 0.087368 -0.048653
v -0.001221 0.122228 -0.027731
v -0.000110 0.148492 -0.018122
v -0.000616 0.165153 -0.010896
v -0.001742 0.189374 -0.031486
v -0.002868 0.206718 -0.046500
v -0.004901 0.232939 -0.052635
v -0.006272 0.250643 -0.056008
v -0.009644 0.284484 -0.042942
v -0.011662 0.302985 -0.031245
v -0.013731 0.318230 -0.011031
v 0.034393 0.324046 0.008891
v 0.026389 0.321282 0.035613
v 0.016039 0.316607 0.066450
v 0.004982 0.288043 0.106497
v -0.005511 0.253612 0.115175
v 0.004841 0.246134 0.129596
v 0.009898 0.233662 0.155881
v 0.025458 0.221775 0.164040
v 0.022865 0.214912 0.164919
v 0.024437 0.218074 0.117044
v 0.023057 0.212555 0.165109
v 0.018869 0.200767 0.157860
v 0.017414 0.193132 0.147920
v 0.016456 0.188252 0.129200
v 0.013072 0.177610 0.099198
v 0.009895 0.161888 0.075361
v 0.026978 0.144228 0.067868
v 0.032387 0.098507 0.062253
v 0.035373 0.068818 0.053944
v 0.027853 0.039667 0.033385
v 0.027088 0.015897 0.039481
v 0.023138 -0.030252 -0.016506
v 0.014765 -0.017353 -0.069327
v 0.011436 -0.032989 -0.109404
v 0.008592 -0.042121 -0.146131
v 0.007632 -0.039359 -0.183567
v 0.009089 -0.020967 -0.213771
v 0.009705 -0.002510 -0.233325
v 0.010445 0.029149 -0.246838
v 0.009545 0.081154 -0.263257
v 0.008199 0.109657 -0.270261
v 0.007751 0.129931 -0.273516
v 0.009351 0.148008 -0.282277
v 0.009351 0.153978 -0.297123
v 0.009351 0.156958 -0.300216
v 0.009351 0.160880 -0.297628
v 0.010436 0.161546 -0.289224
v 0.010436 0.153129 -0.274378
v 0.008836 0.132434 -0.266451
v 0.008909 0.110827 -0.261758
v 0.008909 0.082186 -0.255699
v 0.010167 0.033393 -0.240256
v 0.009830 0.003790 -0.227483
v 0.008786 -0.013221 -0.205262
v 0.008951 -0.019514 -0.176690
v 0.011121 -0.016133 -0.142165
v 0.012751 -0.004650 -0.105848
v 0.017826 0.017958 -0.085935
v 0.020293 0.030322 -0.075445
v 0.021325 0.059403 -0.061778
v 0.023050 0.087430 -0.045058
v 0.023265 0.120329 -0.024335
v 0.020515 0.147178 -0.015192
v 0.014588 0.169017 -0.008090
v 0.018326 0.191277 -0.027002
v 0.020829 0.211940 -0.038669
v 0.022332 0.236505 -0.043701
v 0.020627 0.255155 -0.046363
v 0.014697 0.285562 -0.036385
v 0.014032 0.301683 -0.023780
v 0.025349 0.314829 -0.004533
v 0.036589 0.168944 0.001423
v 0.035925 0.170493 0.002984
v 0.047062 0.170554 0.027034
v 0.039972 0.171523 0.037797
v 0.031710 0.170103 0.049551
v 0.019890 0.165597 0.063971
v 0.025674 0.174670 0.080058
v 0.034050 0.191539 0.104950
v 0.027274 0.200056 0.142599
v 0.029630 0.207386 0.145205
v 0.032003 0.214209 0.147202
v 0.037162 0.217444 0.114175
v 0.035888 0.207006 0.110410
v 0.031882 0.215959 0.146509
v 0.030723 0.222554 0.145953
v 0.021578 0.234168 0.146549
v 0.012636 0.243181 0.123969
v 0.036084 0.226110 0.115133
v 0.024364 0.236944 0.117863
v -0.012756 0.227276 0.164192
v 0.017678 0.227718 0.159961
v 0.026150 0.228361 0.146251
v 0.004902 0.249916 0.113652
v 0.014854 0.277337 0.106035
v 0.026320 0.291350 0.104223
v -0.016327 0.304015 0.087854
v 0.010511 0.302325 0.086474
v 0.045408 0.303326 0.065435
v 0.049149 0.282554 0.098127
v 0.057859 0.287746 0.076235
v 0.055090 0.274230 0.097479
v 0.062857 0.276598 0.078712
v 0.052340 0.253315 0.101668
v 0.068020 0.253489 0.079846
v 0.043261 0.242727 0.105989
v 0.067510 0.233214 0.081569
v 0.034041 0.232422 0.110691
v 0.048835 0.226044 0.101637
v 0.065718 0.216525 0.082831
v 0.022427 0.239161 0.112844
v 0.031905 0.247897 0.108080
v 0.034276 0.257850 0.105555
v 0.037728 0.273395 0.101813
v 0.052490 0.305366 0.038508
v 0.057429 0.300170 0.015343
v 0.071260 0.282466 0.052976
v 0.077219 0.283944 0.036361
v 0.076068 0.279777 0.020991
v 0.059364 0.293603 0.000284
v 0.057400 0.284257 -0.009730
v 0.057355 0.274908 -0.016682
v 0.057111 0.263495 -0.021493
v 0.057854 0.244175 -0.020110
v 0.058913 0.219815 -0.016384
v 0.052364 0.193632 -0.009581
v 0.068261 0.189833 0.025357
v 0.059400 0.186015 0.053389
v 0.049897 0.183820 0.065590
v 0.056379 0.196059 0.077832
v 0.062061 0.207024 0.083846
v 0.070217 0.194468 0.059077
v 0.073765 0.200052 0.031206
v 0.075043 0.251293 0.008606
v 0.074643 0.267065 0.007344
v 0.074665 0.273018 0.008549
v 0.075043 0.277129 0.013093
v 0.079771 0.251907 0.057068
v 0.078720 0.268042 0.049803
v 0.078246 0.231620 0.061484
v 0.077251 0.216647 0.062451
v 0.077675 0.210852 0.059467
v 0.077402 0.207621 0.045532
v 0.077443 0.225260 0.025314
v 0.077544 0.240011 0.019338
v 0.076537 0.263199 0.020057
v 0.076146 0.269789 0.019240
v 0.086160 0.224589 0.054996
v 0.103029 0.214446 0.048126
v 0.095516 0.203859 0.054141
v 0.107111 0.199113 0.051041
v 0.135200 0.218431 0.035688
v 0.121992 0.228287 0.035600
v 0.122508 0.252581 0.027396
v 0.138632 0.258704 0.019321
v 0.107138 0.269435 0.026986
v 0.109349 0.288915 0.019122
v 0.085063 0.268997 0.038023
v 0.084020 0.258310 0.049720
v 0.083025 0.237087 0.055054
v 0.085661 0.221808 0.042228
v 0.084782 0.236270 0.042131
v 0.085735 0.254074 0.037498
v 0.085896 0.262150 0.029370
v 0.102121 0.263846 0.021306
v 0.112790 0.246772 0.015132
v 0.114838 0.225169 0.027348
v 0.101621 0.215861 0.037903
v 0.091041 0.235681 0.028294
v 0.087924 0.245848 0.023828
v 0.039078 0.157781 0.047730
v 0.061063 0.157555 0.031548
v 0.078891 0.141044 0.013951
v 0.082956 0.121491 0.010600
v 0.063910 0.131247 -0.004954
v 0.059060 0.147757 0.001951
v 0.033681 0.154280 -0.010259
v 0.032827 0.142697 -0.013852
v 0.031583 0.123184 -0.020520
v 0.060175 0.119323 -0.003764
v 0.059418 0.111748 -0.001962
v 0.072651 0.107173 0.014374
v 0.048807 0.153154 0.044587
v 0.046212 0.136835 0.056671
v 0.048141 0.105993 0.051973
v 0.058249 0.065058 0.037580
v 0.053093 0.030242 0.016426
v 0.039775 0.032068 0.024313
v 0.054203 0.102883 0.040381
v 0.067051 0.057936 0.008788
v 0.063708 0.005723 -0.008583
v 0.054295 0.096381 0.038819
v 0.062606 0.061052 0.021985
v 0.061280 0.020186 0.003407
v 0.067148 0.102677 0.033910
v 0.062643 0.080004 0.010275
v 0.063697 0.090895 0.007578
v 0.042208 0.087356 -0.024838
v 0.038282 0.052743 -0.044755
v 0.034265 0.022379 -0.052059
v 0.050944 0.012767 -0.034579
v 0.054388 0.048299 -0.027045
v 0.052550 -0.004463 -0.021906
v 0.044852 -0.017051 -0.022396
v 0.029809 -0.028201 -0.010460
v 0.107667 0.285565 0.008672
v 0.136155 0.254030 0.008934
v 0.132411 0.213052 0.023771
v 0.105040 0.196677 0.041946
v 0.095589 0.217836 0.027947
v 0.113811 0.225213 0.017079
v 0.116240 0.245807 0.009272
v 0.107144 0.256557 0.008813
v 0.099870 0.137488 0.046525
v 0.104707 0.112551 0.048613
v 0.100611 0.101245 0.060174
v 0.086780 0.098753 0.067014
v 0.071007 0.110312 0.077426
v 0.069675 0.131714 0.087570
v 0.079489 0.147953 0.076872
v 0.090946 0.149178 0.066189
v 0.117806 0.139591 0.076207
v 0.098502 0.146807 0.075550
v 0.086784 0.146695 0.083625
v 0.076670 0.134282 0.100467
v 0.086575 0.123646 0.110680
v 0.110558 0.112033 0.109622
v 0.122983 0.114156 0.104421
v 0.131306 0.126789 0.095293
v 0.064774 0.032094 0.075832
v 0.054730 0.018873 0.080336
v 0.043768 0.005972 0.071435
v 0.000338 -0.021351 0.015355
v 0.023250 -0.005279 0.033434
v 0.043837 -0.011493 0.061292
v 0.000247 -0.028994 -0.000571
v 0.020516 -0.024761 0.018448
v 0.060813 -0.026898 0.055872
v 0.035592 -0.031721 0.007873
v 0.077798 -0.026424 0.050416
v 0.048251 -0.027685 -0.003249
v 0.060546 -0.016682 -0.009001
v 0.068545 -0.004198 -0.004427
v 0.068024 0.014008 0.005445
v 0.063572 0.029110 0.023823
v 0.082947 0.032162 0.071722
v 0.098171 0.021802 0.062169
v 0.102056 0.006299 0.052302
v 0.094831 -0.012882 0.048555
v 0.092826 -0.033306 0.111795
v 0.077585 -0.030174 0.117984
v 0.066629 -0.029400 0.116585
v 0.052521 -0.033681 0.114331
v 0.041324 -0.051914 0.106569
v 0.047764 -0.068334 0.092175
v 0.067448 -0.072309 0.084275
v 0.083845 -0.070702 0.083533
v 0.095400 -0.059010 0.086568
v 0.103668 -0.045778 0.098226
v 0.113363 -0.023915 0.128733
v 0.127394 -0.028830 0.122657
v 0.094726 -0.019388 0.133975
v 0.078068 -0.018139 0.137278
v 0.069979 -0.027341 0.126061
v 0.064455 -0.029488 0.126427
v 0.062043 -0.020996 0.138998
v 0.049681 -0.019452 0.137995
v 0.044122 -0.023476 0.151002
v 0.042855 -0.032772 0.160004
v 0.042057 -0.068866 0.121511
v 0.049509 -0.084663 0.106645
v 0.064324 -0.088248 0.101425
v 0.090053 -0.074401 0.086339
v 0.103902 -0.060638 0.095241
v 0.109787 -0.049135 0.098084
v 0.087380 -0.087147 0.098807
v 0.115760 -0.065348 0.121229
v 0.131827 -0.045331 0.145674
v 0.137435 -0.023292 0.149806
v 0.137005 -0.032256 0.160033
v 0.125417 -0.017481 0.155709
v 0.106135 -0.013955 0.161281
v 0.085304 -0.011360 0.165257
v 0.077172 -0.035110 0.158100
v 0.084757 -0.022603 0.173875
v 0.107897 -0.025531 0.170482
v 0.125532 -0.029023 0.165249
v 0.070124 -0.045478 0.146060
v 0.067571 -0.044889 0.146326
v 0.064215 -0.034028 0.158096
v 0.055810 -0.019464 0.151247
v 0.117495 0.187557 0.135385
v 0.099111 0.185034 0.136042
v 0.090717 0.180769 0.144095
v 0.089687 0.168832 0.160223
v 0.103547 0.165516 0.168764
v 0.126427 0.166123 0.164817
v 0.134585 0.172246 0.159032
v 0.135191 0.184001 0.150175
v 0.114291 0.203355 0.156609
v 0.095900 0.201233 0.158135
v 0.090550 0.189519 0.170293
v 0.068201 0.175963 0.156126
v 0.069335 0.172516 0.165589
v 0.071272 0.190897 0.164453
v 0.069514 0.182945 0.173673
v 0.131094 0.199241 0.165492
v 0.097985 0.196469 0.192429
v 0.095230 0.185306 0.196600
v 0.110875 0.198045 0.193207
v 0.107556 0.182981 0.169106
v 0.124006 0.179661 0.174024
v 0.136702 0.174786 0.170906
v 0.139771 0.191975 0.164255
v 0.106123 0.185380 0.195985
v 0.115275 0.200368 0.197216
v 0.127242 0.195196 0.199446
v 0.111130 0.186829 0.198550
v 0.121615 0.182741 0.200546
v 0.136199 0.196633 0.199956
v 0.130619 0.182997 0.202413
v 0.140374 0.178906 0.199130
v 0.142891 0.192817 0.195312
v 0.118101 0.144385 0.082010
v 0.131824 0.132195 0.101439
v 0.123883 0.120177 0.110991
v 0.111757 0.117939 0.115967
v 0.087831 0.128661 0.116229
v 0.077688 0.138136 0.105379
v 0.087074 0.150151 0.088206
v 0.098621 0.150791 0.080317
v 0.116478 0.136567 0.071684
v 0.097759 0.145502 0.073527
v 0.085975 0.145274 0.081880
v 0.075884 0.132668 0.098085
v 0.085408 0.120090 0.106439
v 0.108801 0.108345 0.104505
v 0.121437 0.110708 0.099099
v 0.129384 0.122458 0.089456
v 0.097360 0.198518 0.181924
v 0.096525 0.200807 0.170831
v 0.092159 0.187935 0.179030
v 0.093878 0.186073 0.187873
v 0.112926 0.202691 0.169319
v 0.112094 0.199999 0.181604
v 0.106642 0.183055 0.175190
v 0.106476 0.183740 0.185350
v 0.108401 0.185029 0.178451
v 0.109862 0.185632 0.188518
v 0.115010 0.202578 0.185595
v 0.114449 0.204707 0.172577
v 0.128599 0.196433 0.188293
v 0.129764 0.198195 0.177019
v 0.122917 0.180212 0.180951
v 0.122217 0.181414 0.190453
v 0.133080 0.199006 0.179070
v 0.134800 0.197688 0.190032
v 0.141900 0.192645 0.185315
v 0.140724 0.192840 0.175017
v 0.128450 0.181882 0.193097
v 0.126280 0.180767 0.183782
v 0.139141 0.177398 0.189499
v 0.137907 0.175890 0.179869
v 0.079952 0.186474 0.171965
v 0.079511 0.170674 0.162906
v 0.079459 0.178366 0.150110
v 0.083531 0.195585 0.160405
v -0.063524 0.315745 0.005127
v -0.057230 0.314193 0.032399
v -0.048622 0.311125 0.063965
v -0.036006 0.284569 0.104921
v -0.020567 0.252335 0.114597
v -0.030583 0.243130 0.128234
v -0.035460 0.229816 0.154138
v -0.049376 0.215430 0.161164
v -0.045741 0.209096 0.162282
v -0.044169 0.212258 0.114407
v -0.045549 0.206739 0.162472
v -0.038898 0.195869 0.155639
v -0.035427 0.188652 0.145889
v -0.032239 0.184124 0.127328
v -0.024666 0.174400 0.097821
v -0.015028 0.158276 0.075338
v -0.027349 0.139698 0.068281
v -0.034809 0.095864 0.061306
v -0.037925 0.066640 0.051201
v -0.028193 0.040717 0.025641
v -0.025482 0.021947 0.033659
v -0.022781 -0.029583 -0.012760
v -0.014780 -0.017311 -0.069353
v -0.011436 -0.032989 -0.109404
v -0.008592 -0.042121 -0.146131
v -0.007632 -0.039359 -0.183567
v -0.009089 -0.020967 -0.213771
v -0.009705 -0.002510 -0.233325
v -0.010445 0.029149 -0.246838
v -0.009545 0.081154 -0.263257
v -0.008199 0.109657 -0.270261
v -0.007751 0.129931 -0.273516
v -0.009351 0.148008 -0.282277
v -0.009351 0.153978 -0.297123
v -0.009351 0.156958 -0.300216
v -0.009351 0.160880 -0.297628
v -0.010436 0.161546 -0.289224
v -0.010436 0.153129 -0.274378
v -0.008836 0.132434 -0.266451
v -0.008909 0.110827 -0.261758
v -0.008909 0.082186 -0.255699
v -0.010167 0.033393 -0.240256
v -0.009830 0.003790 -0.227483
v -0.008786 -0.013221 -0.205262
v -0.008951 -0.019514 -0.176690
v -0.011121 -0.016133 -0.142165
v -0.012751 -0.004650 -0.105848
v -0.017826 0.017958 -0.085935
v -0.020437 0.029716 -0.074858
v -0.022829 0.059098 -0.061328
v -0.026545 0.087880 -0.044963
v -0.026083 0.120020 -0.024234
v -0.020612 0.145364 -0.015187
v -0.016219 0.166298 -0.008385
v -0.022112 0.188085 -0.028115
v -0.027706 0.207900 -0.040484
v -0.032950 0.231849 -0.045800
v -0.034207 0.250543 -0.048431
v -0.034247 0.281413 -0.038267
v -0.037264 0.297334 -0.025752
v -0.052063 0.308266 -0.007508
v -0.037502 0.164120 0.000417
v -0.039123 0.171369 0.003623
v -0.046835 0.163131 0.024134
v -0.040986 0.164449 0.035687
v -0.034062 0.163528 0.048617
v -0.023813 0.160410 0.063593
v -0.033080 0.169026 0.078433
v -0.048242 0.184662 0.101776
v -0.045876 0.193855 0.139787
v -0.049622 0.200667 0.142159
v -0.053254 0.206981 0.143925
v -0.056351 0.209516 0.110580
v -0.053057 0.199466 0.106992
v -0.053376 0.208731 0.143232
v -0.053303 0.215430 0.142723
v -0.046313 0.228413 0.143939
v -0.037319 0.238946 0.122049
v -0.056821 0.218234 0.111562
v -0.047331 0.230866 0.115107
v -0.042418 0.222623 0.157651
v -0.049808 0.221921 0.143331
v -0.030064 0.246952 0.112308
v -0.043874 0.272358 0.103777
v -0.057360 0.284256 0.101006
v -0.042314 0.297847 0.084443
v -0.075176 0.293103 0.060800
v -0.077853 0.271787 0.093245
v -0.085618 0.275583 0.070719
v -0.082244 0.262587 0.092200
v -0.088845 0.263737 0.072881
v -0.076345 0.242406 0.096722
v -0.090121 0.240082 0.073767
v -0.065970 0.233466 0.101791
v -0.086346 0.220221 0.075608
v -0.055536 0.224828 0.107248
v -0.068313 0.216113 0.097134
v -0.080911 0.204237 0.077055
v -0.045417 0.233409 0.110236
v -0.055838 0.240458 0.104708
v -0.059649 0.249887 0.101944
v -0.065370 0.264655 0.097850
v -0.080427 0.294097 0.033399
v -0.082642 0.288295 0.009958
v -0.096128 0.268275 0.046541
v -0.100967 0.268837 0.029511
v -0.097964 0.265023 0.014302
v -0.082293 0.281593 -0.005161
v -0.078029 0.272776 -0.014936
v -0.075882 0.263612 -0.021804
v -0.073365 0.252484 -0.026424
v -0.070957 0.233346 -0.024943
v -0.067464 0.209203 -0.021278
v -0.056661 0.185105 -0.013374
v -0.072509 0.179137 0.019829
v -0.065022 0.176143 0.048673
v -0.056513 0.174946 0.061864
v -0.066630 0.185694 0.073178
v -0.075194 0.195528 0.078487
v -0.078111 0.182634 0.053292
v -0.080410 0.187946 0.025114
v -0.091227 0.237212 0.002261
v -0.093388 0.252828 0.000918
v -0.094501 0.258676 0.002047
v -0.095909 0.262636 0.006522
v -0.099668 0.236695 0.050170
v -0.100794 0.252823 0.042903
v -0.094851 0.217010 0.054659
v -0.090182 0.202775 0.055800
v -0.088835 0.197231 0.052859
v -0.086702 0.194390 0.039064
v -0.088302 0.211719 0.018777
v -0.091461 0.225821 0.012635
v -0.095567 0.248610 0.013455
v -0.096228 0.255177 0.012626
v -0.100477 0.208969 0.047621
v -0.114566 0.196506 0.039533
v -0.105399 0.187567 0.046190
v -0.115982 0.181065 0.042230
v -0.146124 0.195193 0.024637
v -0.134968 0.206840 0.025512
v -0.139402 0.230383 0.017165
v -0.155573 0.233817 0.007828
v -0.127217 0.249565 0.017938
v -0.132065 0.268445 0.009811
v -0.106290 0.252774 0.030668
v -0.104360 0.242340 0.042478
v -0.100222 0.221580 0.047949
v -0.098858 0.206276 0.034973
v -0.100824 0.220546 0.034945
v -0.104403 0.237954 0.030188
v -0.105298 0.245941 0.022021
v -0.120913 0.244933 0.012689
v -0.128058 0.226342 0.005832
v -0.126966 0.204880 0.017878
v -0.113008 0.197974 0.029470
v -0.105822 0.218989 0.020683
v -0.104127 0.229561 0.016401
v -0.035702 0.152176 0.047872
v -0.052847 0.159100 0.028638
v -0.071928 0.148777 0.008367
v -0.082206 0.131518 0.004871
v -0.061293 0.132345 -0.007635
v -0.053570 0.145725 -0.000542
v -0.033294 0.150433 -0.011006
v -0.032880 0.140332 -0.013991
v -0.034128 0.122516 -0.020397
v -0.061569 0.121145 -0.005666
v -0.063542 0.114397 -0.003616
v -0.078384 0.114930 0.010634
v -0.044555 0.152046 0.043934
v -0.048126 0.136664 0.056450
v -0.052102 0.104653 0.050913
v -0.061849 0.062122 0.034648
v -0.054440 0.027310 0.010328
v -0.040333 0.032106 0.016260
v -0.060608 0.103891 0.039136
v -0.072663 0.055842 0.008730
v -0.066960 -0.001161 -0.002911
v -0.060237 0.096049 0.037483
v -0.067218 0.058015 0.020591
v -0.064134 0.014098 0.003259
v -0.076492 0.109855 0.031033
v -0.071190 0.081416 0.009297
v -0.073477 0.095729 0.005870
v -0.047966 0.089202 -0.024859
v -0.041182 0.051700 -0.043715
v -0.034868 0.020052 -0.049733
v -0.052318 0.010198 -0.030051
v -0.058117 0.046909 -0.025446
v -0.054236 -0.009316 -0.014506
v -0.045225 -0.018303 -0.016414
v -0.029470 -0.027486 -0.005369
v -0.129052 0.265492 -0.000452
v -0.151491 0.229742 -0.002308
v -0.141569 0.190513 0.013007
v -0.112849 0.179137 0.033341
v -0.105738 0.201484 0.019941
v -0.124710 0.205519 0.007670
v -0.130421 0.225045 -0.000399
v -0.123605 0.236973 -0.000148
v -0.096564 0.155788 0.037038
v -0.109937 0.134401 0.037444
v -0.112330 0.123174 0.048816
v -0.101981 0.115993 0.058419
v -0.084606 0.121066 0.072611
v -0.079208 0.141359 0.084418
v -0.079670 0.160050 0.072602
v -0.087294 0.164915 0.059540
v -0.113575 0.167258 0.067443
v -0.096012 0.164032 0.077225
v -0.091282 0.157216 0.088665
v -0.096859 0.139373 0.102349
v -0.115064 0.133065 0.102430
v -0.136706 0.135355 0.086703
v -0.142389 0.144163 0.077983
v -0.138940 0.160533 0.071804
v -0.059367 0.049886 0.066751
v -0.048069 0.038130 0.073037
v -0.037969 0.023537 0.067192
v -0.021479 0.000425 0.033335
v -0.038535 0.003824 0.063296
v -0.019221 -0.021342 0.023875
v -0.055505 -0.012484 0.063519
v -0.034816 -0.029709 0.016623
v -0.073152 -0.013525 0.060797
v -0.048474 -0.028826 0.007218
v -0.061995 -0.021474 0.001358
v -0.070312 -0.009895 0.003066
v -0.069660 0.009513 0.006302
v -0.064000 0.029763 0.017801
v -0.077971 0.048802 0.065425
v -0.093917 0.036160 0.061635
v -0.098426 0.018494 0.057442
v -0.090913 -0.000975 0.058429
v -0.078640 -0.004722 0.120163
v -0.063084 0.000627 0.123296
v -0.052338 0.001042 0.120771
v -0.038410 -0.003361 0.118910
v -0.026908 -0.023640 0.115643
v -0.034175 -0.043912 0.107561
v -0.054469 -0.050290 0.103888
v -0.070831 -0.049190 0.105066
v -0.082359 -0.037472 0.105924
v -0.090032 -0.021285 0.113155
v -0.098037 0.009781 0.134665
v -0.112292 0.002824 0.132145
v -0.079255 0.016145 0.136085
v -0.062451 0.018727 0.137055
v -0.054921 0.006238 0.129107
v -0.049237 0.004387 0.129733
v -0.046070 0.016752 0.138333
v -0.033953 0.018052 0.135642
v -0.026954 0.018786 0.148567
v -0.024364 0.013179 0.160058
v -0.024922 -0.035219 0.135153
v -0.033224 -0.055162 0.126538
v -0.048369 -0.060307 0.124684
v -0.076432 -0.051928 0.109741
v -0.089807 -0.036249 0.115567
v -0.095961 -0.024575 0.114806
v -0.071618 -0.060176 0.125189
v -0.098962 -0.031752 0.142658
v -0.113863 -0.004477 0.159821
v -0.120157 0.017507 0.156458
v -0.118388 0.012773 0.169090
v -0.107964 0.025211 0.158701
v -0.088461 0.030766 0.160718
v -0.067513 0.034906 0.161422
v -0.058891 0.010283 0.162321
v -0.065658 0.027471 0.173349
v -0.088836 0.023194 0.173535
v -0.106671 0.017814 0.171658
v -0.052273 -0.003802 0.154200
v -0.049699 -0.003175 0.154008
v -0.045778 0.011129 0.160928
v -0.038781 0.022517 0.148628
v -0.137725 0.198729 0.130315
v -0.121636 0.195861 0.139289
v -0.117838 0.190519 0.149708
v -0.123864 0.176530 0.162810
v -0.139916 0.172275 0.163328
v -0.158384 0.173680 0.149024
v -0.163157 0.180675 0.140974
v -0.160076 0.193456 0.134456
v -0.145362 0.211694 0.152878
v -0.129559 0.208616 0.162387
v -0.130358 0.195299 0.173474
v -0.103368 0.183883 0.170237
v -0.108623 0.179221 0.177543
v -0.110758 0.197611 0.177899
v -0.113113 0.188482 0.185802
v -0.163999 0.206999 0.152708
v -0.145763 0.197421 0.191038
v -0.145426 0.185404 0.193294
v -0.157719 0.200461 0.186909
v -0.144635 0.189384 0.163554
v -0.161241 0.184969 0.159133
v -0.171480 0.182187 0.150109
v -0.170985 0.200131 0.146298
v -0.155042 0.186994 0.188390
v -0.162875 0.200812 0.188305
v -0.174852 0.196890 0.184295
v -0.160173 0.186852 0.188062
v -0.170669 0.183837 0.184686
v -0.182483 0.197835 0.181029
v -0.178955 0.183380 0.182335
v -0.186571 0.181283 0.174571
v -0.186740 0.195875 0.173350
v -0.115254 0.170712 0.074009
v -0.140897 0.164412 0.078268
v -0.144790 0.148674 0.084337
v -0.139419 0.139608 0.092915
v -0.117850 0.136409 0.108454
v -0.099588 0.141661 0.108377
v -0.093165 0.159114 0.094945
v -0.097609 0.166428 0.083603
v -0.111370 0.164551 0.062878
v -0.094764 0.163039 0.074543
v -0.089783 0.156309 0.086172
v -0.094859 0.138552 0.099530
v -0.112357 0.130477 0.098182
v -0.133536 0.132115 0.082367
v -0.139432 0.141094 0.073509
v -0.135887 0.156522 0.066597
v -0.140707 0.201355 0.182440
v -0.135341 0.205735 0.173388
v -0.135365 0.191335 0.179617
v -0.140509 0.187660 0.186273
v -0.149574 0.209694 0.165557
v -0.153878 0.204749 0.176576
v -0.146920 0.188862 0.169183
v -0.150954 0.187489 0.178442
v -0.149425 0.188875 0.171008
v -0.154853 0.187454 0.179401
v -0.157710 0.205193 0.178583
v -0.151917 0.209891 0.167563
v -0.171351 0.200413 0.174142
v -0.167690 0.204331 0.163861
v -0.163617 0.185102 0.166145
v -0.167023 0.184565 0.175191
v -0.171009 0.203967 0.164190
v -0.177006 0.200591 0.173031
v -0.181647 0.197503 0.164844
v -0.176343 0.199480 0.156058
v -0.173115 0.183808 0.174690
v -0.167275 0.184236 0.167046
v -0.181462 0.181510 0.166181
v -0.176352 0.181737 0.157792
v -0.121691 0.192232 0.179749
v -0.116243 0.177876 0.170176
v -0.110603 0.187201 0.159972
v -0.119824 0.202741 0.169107
vn 0.4842 0.8229 -0.2972
vn 0.1485 0.1137 0.9824
vn 0.4020 0.6213 -0.6726
vn 0.0892 -0.9747 0.2051
vn 0.3055 0.5464 -0.7798
vn 0.5048 -0.8510 -0.1447
vn 0.3661 0.3601 -0.8581
vn 0.7019 -0.6927 0.1662
vn 0.2654 0.5814 -0.7691
vn 0.5480 -0.8259 0.1325
vn 0.1386 0.5172 -0.8445
vn 0.4558 -0.8869 -0.0755
vn 0.1542 0.3332 -0.9302
vn 0.3269 -0.8037 -0.4972
vn 0.1219 0.3640 -0.9234
vn 0.3626 -0.7150 -0.5978
vn 0.0859 0.9928 0.0832
vn 0.2546 -0.6345 -0.7298
vn 0.4970 -0.3482 -0.7948
vn 0.1248 0.9772 0.1720
vn 0.3078 -0.5541 -0.7734
vn 0.4342 -0.2474 -0.8662
vn 0.0398 0.7809 0.6234
vn 0.3372 -0.1988 -0.9202
vn 0.3278 -0.2025 -0.9228
vn 0.0571 0.2434 0.9682
vn 0.3388 -0.1261 -0.9324
vn 0.3470 -0.1606 -0.9240
vn 0.0302 0.8916 0.4518
vn 0.2456 0.3586 -0.9006
vn 0.4490 -0.4398 -0.7778
vn 0.0231 0.9063 0.4220
vn 0.2238 0.5715 -0.7895
vn 0.5071 -0.8090 -0.2974
vn 0.0999 0.6736 0.7323
vn 0.1862 0.7763 -0.6022
vn 0.4958 -0.3861 -0.7779
vn 0.0938 -0.2252 0.9698
vn 0.1387 0.8091 -0.5711
vn 0.3926 0.4848 -0.7816
vn 0.0739 -0.9958 -0.0543
vn 0.3543 0.9167 -0.1846
vn -0.0723 0.9923 0.1007
vn 0.4803 0.7999 0.3599
vn 0.1035 -0.4264 0.8986
vn 0.6087 0.2629 0.7486
vn 0.1848 -0.7982 0.5733
vn 0.5846 0.1301 0.8008
vn 0.2407 -0.9232 0.2998
vn 0.4727 0.1694 0.8648
vn 0.2998 -0.9073 0.2948
vn 0.3907 0.2760 0.8782
vn 0.2536 -0.8379 0.4833
vn 0.4057 0.3712 0.8352
vn 0.2744 0.0167 0.9615
vn 0.5458 0.6632 0.5121
vn 0.3106 -0.1062 0.9446
vn 0.5389 0.8146 0.2145
vn 0.2453 -0.2832 0.9272
vn 0.4421 0.8897 -0.1136
vn 0.2210 -0.5697 0.7916
vn 0.5184 -0.7737 0.3642
vn 0.4633 -0.8281 0.3158
vn 0.5593 -0.7917 0.2459
vn 0.7257 -0.5411 0.4249
vn 0.7940 -0.4709 0.3845
vn 0.9484 -0.2455 0.2008
vn 0.9559 -0.2522 0.1503
vn 0.0605 0.9919 0.1120
vn -0.0408 -0.9973 -0.0613
vn 0.9306 -0.0606 0.3611
vn 0.6092 0.7357 0.2961
vn 0.3392 0.8931 0.2955
vn 0.9748 0.1383 0.1753
vn 0.5183 0.7020 0.4884
vn 0.0830 0.6680 0.7395
vn 0.7190 0.6710 0.1810
vn 0.6226 0.7708 0.1350
vn 0.4077 0.8881 0.2122
vn 0.2212 0.1794 0.9586
vn 0.1132 0.7721 0.6254
vn -0.0113 0.6151 0.7883
vn 0.2679 0.8330 0.4841
vn 0.4724 0.7674 0.4335
vn 0.7804 0.4765 0.4049
vn 0.8579 0.1078 0.5023
vn 0.7428 -0.1012 0.6618
vn 0.5033 -0.0568 0.8623
vn 0.7285 0.0191 0.6848
vn 0.6445 0.5684 0.5113
vn 0.5179 0.8383 0.1703
vn 0.5237 0.8371 0.1584
vn 0.2759 0.1968 0.9408
vn 0.2517 0.1769 0.9515
vn 0.2394 0.1673 0.9564
vn 0.2369 0.0938 0.9670
vn 0.2231 0.0109 0.9747
vn 0.2140 0.2784 0.9363
vn 0.2119 0.1885 0.9589
vn 0.4465 0.8634 0.2351
vn 0.6108 0.7826 0.1203
vn 0.6759 0.6999 0.2307
vn 0.6562 0.7465 0.1100
vn 0.7494 0.6227 -0.2250
vn 0.5962 0.6298 -0.4978
vn 0.4576 0.5924 -0.6630
vn 0.4544 0.5494 -0.7011
vn 0.4673 0.3505 -0.8116
vn 0.5654 -0.0513 -0.8232
vn 0.5457 -0.1524 -0.8240
vn 0.4849 -0.4003 -0.7776
vn 0.3652 -0.6035 -0.7088
vn 0.6615 -0.6821 -0.3116
vn 0.5900 -0.7860 0.1849
vn 0.4641 -0.8594 0.2145
vn 0.4971 -0.8384 0.2238
vn 0.5492 -0.7502 0.3682
vn 0.6948 0.2971 0.6550
vn 0.6827 -0.4456 0.5791
vn 0.7388 -0.0206 0.6736
vn 0.6988 -0.2645 0.6646
vn 0.5219 -0.7644 0.3786
vn 0.7365 -0.6746 0.0500
vn 0.8640 -0.2968 -0.4067
vn 0.9039 -0.1430 -0.4032
vn 0.8571 -0.0109 -0.5150
vn 0.8254 0.1735 -0.5373
vn 0.7781 0.3724 -0.5059
vn 0.7839 0.3880 -0.4847
vn 0.7858 0.5179 -0.3381
vn 0.8151 0.4473 0.3681
vn 0.8826 0.2628 0.3899
vn 0.7928 0.2924 0.5348
vn 0.8631 0.3711 0.3426
vn 0.8860 0.0257 0.4629
vn 0.8746 -0.0430 0.4829
vn 0.8392 -0.2402 0.4878
vn 0.7407 -0.4686 0.4815
vn 0.8956 -0.4426 0.0453
vn 0.9722 -0.1776 -0.1530
vn 0.8580 -0.2191 -0.4646
vn 0.9860 0.0333 -0.1633
vn 0.9906 0.0332 -0.1328
vn 0.9905 0.0380 -0.1323
vn 0.7457 -0.2612 0.6129
vn 0.3881 0.1376 0.9113
vn 0.3484 0.2638 0.8995
vn 0.3074 0.3179 0.8969
vn 0.2867 0.3254 0.9011
vn 0.3257 0.3205 0.8895
vn 0.4163 0.3051 0.8565
vn 0.7746 0.4415 0.4528
vn 0.6484 0.3472 0.6775
vn 0.7943 0.0928 0.6004
vn 0.6720 0.0767 0.7365
vn 0.9887 0.1472 0.0278
vn 0.9901 -0.0138 0.1395
vn 0.9942 0.0413 0.0995
vn 0.3238 -0.7594 0.5643
vn -0.4888 -0.4969 0.7170
vn -0.7983 0.2224 0.5597
vn -0.5018 0.8512 0.1541
vn 0.4140 0.9060 -0.0882
vn 0.9105 0.0581 0.4094
vn 0.9573 0.1536 0.2448
vn 0.9905 0.0872 0.1061
vn 0.4522 -0.2362 0.8601
vn 0.3316 -0.1306 0.9343
vn 0.3289 0.5483 0.7688
vn 0.2607 0.4817 0.8367
vn 0.6494 0.3395 0.6804
vn 0.6845 0.3336 0.6482
vn 0.6086 0.5401 0.5813
vn 0.5836 0.7583 -0.2905
vn 0.6359 0.3524 -0.6866
vn 0.6587 0.6845 -0.3124
vn 0.4778 0.4716 -0.7411
vn 0.3341 0.5459 -0.7684
vn 0.1737 0.3240 -0.9300
vn 0.2534 0.3196 -0.9130
vn 0.2891 0.0414 -0.9564
vn 0.5138 0.1148 -0.8502
vn 0.5335 -0.2478 -0.8087
vn 0.5586 -0.4583 -0.6913
vn 0.4868 0.5798 0.6533
vn 0.5410 0.4793 0.6911
vn 0.5222 -0.0645 0.8504
vn 0.5710 -0.1534 0.8065
vn 0.3635 -0.5583 0.7458
vn 0.4595 -0.2838 0.8416
vn 0.6620 0.1662 0.7308
vn 0.8823 -0.0310 0.4697
vn 0.9333 0.0301 0.3579
vn 0.9042 -0.1926 0.3811
vn 0.7905 -0.3364 0.5119
vn 0.9491 0.1081 0.2958
vn 0.8706 -0.2423 0.4282
vn 0.5720 -0.2412 -0.7840
vn 0.9361 -0.3500 0.0339
vn 0.5955 0.3531 -0.7216
vn 0.7105 0.3064 -0.6335
vn 0.8097 0.1329 -0.5717
vn 0.8096 0.1852 -0.5569
vn 0.7431 0.0658 -0.6660
vn 0.8714 0.2616 -0.4150
vn 0.7454 0.2669 -0.6109
vn 0.9237 0.0368 -0.3814
vn 0.8304 -0.2779 -0.4830
vn 0.5735 -0.4075 -0.7106
vn 0.8241 -0.1526 -0.5455
vn 0.5045 -0.8170 -0.2795
vn 0.7047 -0.5500 -0.4482
vn 0.9927 -0.0856 -0.0845
vn 0.9970 -0.0646 -0.0428
vn 0.9964 -0.0736 -0.0427
vn 0.9992 -0.0397 0.0053
vn 0.9995 -0.0150 0.0270
vn 0.9998 -0.0090 0.0200
vn 0.9980 0.0374 0.0506
vn 0.9997 0.0218 -0.0076
vn 0.9936 -0.0090 -0.1125
vn 0.9895 -0.1177 -0.0836
vn 0.9930 -0.1059 -0.0513
vn 0.9954 -0.0070 -0.0954
vn -0.2695 0.9322 -0.2418
vn 0.6774 0.6310 -0.3782
vn 0.9753 -0.1488 -0.1632
vn -0.5988 0.7860 -0.1538
vn 0.2023 -0.9518 0.2305
vn -0.2838 -0.6720 -0.6840
vn -0.1674 -0.6180 -0.7682
vn 0.1170 -0.3531 -0.9282
vn 0.0029 -0.0145 -0.9999
vn 0.1077 0.1969 -0.9745
vn -0.2754 0.9217 -0.2733
vn -0.0468 0.1329 -0.9900
vn 0.0194 -0.0792 -0.9967
vn -0.0487 -0.4726 -0.8799
vn -0.1934 -0.4878 -0.8512
vn -0.1915 -0.3281 -0.9250
vn 0.8549 0.1848 -0.4848
vn 0.6139 -0.6298 -0.4758
vn 0.1025 -0.9776 -0.1839
vn -0.2746 -0.9426 0.1897
vn -0.7954 -0.3650 0.4838
vn -0.5502 0.6093 0.5710
vn -0.0176 0.9767 0.2141
vn 0.5186 0.8185 -0.2471
vn 0.2999 0.7493 -0.5904
vn 0.1793 0.9399 0.2907
vn -0.4651 0.7538 0.4642
vn -0.8153 -0.2869 0.5030
vn -0.3550 -0.8273 0.4354
vn 0.2294 -0.9668 0.1125
vn 0.7325 -0.6269 -0.2656
vn 0.8637 0.2416 -0.4424
vn -0.6248 0.7062 0.3331
vn 0.0263 -0.5567 0.8303
vn -0.8553 0.1545 0.4945
vn -0.2224 -0.7227 0.6544
vn -0.7982 -0.2983 0.5233
vn 0.1506 -0.9748 0.1644
vn -0.4386 -0.8981 -0.0341
vn -0.3955 -0.8371 0.3780
vn 0.1760 -0.9059 -0.3852
vn 0.1412 -0.9898 -0.0168
vn 0.5332 -0.5877 -0.6086
vn 0.7353 -0.0913 -0.6715
vn 0.7915 0.3876 -0.4725
vn 0.5321 0.7523 -0.3886
vn 0.1229 0.9922 -0.0223
vn 0.0622 0.9963 -0.0586
vn 0.5334 0.7775 -0.3331
vn 0.7737 0.3924 -0.4974
vn 0.8402 -0.2823 -0.4631
vn 0.5684 -0.7695 -0.2912
vn 0.5616 0.4919 0.6653
vn 0.0898 0.5709 0.8161
vn -0.3047 0.5228 0.7962
vn -0.8026 0.3474 0.4849
vn -0.9556 0.1814 0.2323
vn -0.9583 -0.1847 -0.2180
vn -0.5102 -0.4702 -0.7201
vn -0.1150 -0.5729 -0.8115
vn 0.4862 -0.5181 -0.7037
vn 0.9013 -0.2697 -0.3390
vn 0.9244 0.2353 0.3001
vn 0.0847 0.7970 -0.5981
vn 0.0118 0.8465 -0.5322
vn 0.0256 0.8479 -0.5295
vn -0.8391 0.5114 0.1855
vn -0.3055 0.9503 -0.0590
vn 0.1795 0.8449 -0.5038
vn -0.7907 0.5186 -0.3254
vn -0.9993 0.0350 0.0161
vn -0.9525 -0.2385 -0.1896
vn -0.3922 -0.6352 -0.6653
vn 0.0203 -0.5824 -0.8127
vn 0.5626 -0.1834 -0.8061
vn 0.5399 0.1739 -0.8236
vn 0.3164 0.6074 -0.7286
vn -0.0240 -0.7158 -0.6979
vn 0.7462 -0.5209 -0.4146
vn 0.8386 -0.3201 -0.4407
vn 0.8826 -0.2660 -0.3875
vn 0.9461 -0.1919 -0.2609
vn 0.2408 0.9223 -0.3023
vn 0.1277 0.9560 -0.2642
vn 0.0544 0.9710 -0.2328
vn -0.9433 0.2615 0.2043
vn 0.2049 0.6092 0.7661
vn 0.3272 0.6110 0.7209
vn 0.5197 0.5888 0.6191
vn -0.8919 0.3508 0.2853
vn -0.0957 0.7581 0.6451
vn 0.9706 0.2372 0.0414
vn 0.1284 0.9900 -0.0585
vn -0.3238 0.9341 0.1506
vn 0.7528 0.5804 0.3105
vn -0.0041 0.5525 0.8335
vn 0.0201 -0.7301 0.6831
vn -0.0500 -0.6939 0.7183
vn 0.0663 -0.7247 0.6858
vn 0.0682 -0.7358 0.6738
vn 0.0173 -0.7654 0.6433
vn -0.0191 -0.7673 0.6410
vn 0.0125 -0.7766 0.6298
vn 0.7455 0.4778 -0.4646
vn 0.9606 -0.2476 0.1262
vn 0.5477 -0.6490 0.5281
vn -0.1023 -0.7468 0.6571
vn -0.6868 -0.5221 0.5057
vn -0.9406 0.3355 -0.0529
vn -0.5166 0.7485 -0.4158
vn 0.0990 0.8116 -0.5758
vn -0.1351 0.7873 -0.6016
vn -0.7165 0.5088 -0.4772
vn 0.2176 -0.5376 0.8147
vn -0.9938 0.1067 0.0319
vn -0.4638 0.5189 -0.7181
vn -0.1536 -0.8869 -0.4357
vn -0.1287 0.7824 0.6093
vn 0.5004 0.7067 -0.5003
vn -0.9403 0.3092 0.1419
vn -0.1109 0.9931 0.0394
vn -0.2913 -0.2171 0.9317
vn -0.0437 -0.2920 0.9554
vn -0.0138 -0.5640 0.8257
vn 0.4914 0.6796 -0.5447
vn -0.3509 -0.9331 -0.0787
vn -0.0265 0.2875 0.9574
vn 0.9589 -0.2624 0.1081
vn -0.9501 0.3010 0.0813
vn 0.3745 0.9139 0.1563
vn -0.3583 -0.9248 0.1279
vn 0.9166 -0.3904 0.0862
vn 0.6242 -0.7793 0.0554
vn 0.9639 -0.2101 -0.1636
vn 0.5278 0.8489 -0.0257
vn -0.9027 0.3969 0.1662
vn 0.9749 -0.2020 -0.0932
vn -0.3259 -0.9268 0.1868
vn 0.4591 0.0668 0.8859
vn -0.1272 0.1397 0.9820
vn 0.2937 0.7297 -0.6175
vn -0.4063 0.7235 -0.5581
vn -0.8835 0.4221 -0.2033
vn -0.8212 -0.3346 0.4621
vn -0.2949 -0.6727 0.6786
vn 0.3733 -0.7110 0.5959
vn 0.8846 -0.3916 0.2533
vn 0.8555 0.3637 -0.3687
vn 0.8364 0.1066 -0.5377
vn 0.8581 -0.5062 0.0862
vn 0.3399 -0.8230 0.4550
vn -0.3066 -0.7039 0.6407
vn -0.8226 -0.3044 0.4803
vn -0.8282 0.5536 -0.0872
vn -0.3327 0.8238 -0.4589
vn 0.4695 0.8558 -0.2173
vn 0.9439 -0.3243 0.0622
vn 0.9502 -0.3112 0.0144
vn -0.0891 -0.9948 0.0494
vn -0.2655 -0.9634 -0.0379
vn -0.1111 0.9784 0.1741
vn -0.0930 0.9738 0.2075
vn -0.8784 0.4585 0.1345
vn -0.9002 0.3887 0.1963
vn 0.9432 -0.3116 0.1153
vn 0.9303 -0.3593 0.0738
vn -0.2842 -0.9474 0.1471
vn -0.3318 -0.9381 0.0994
vn 0.3130 0.9497 0.0028
vn 0.3636 0.9184 0.1561
vn -0.9530 0.3028 -0.0030
vn -0.9440 0.3134 0.1034
vn -0.3240 -0.9306 0.1701
vn 0.9764 -0.1977 -0.0871
vn 0.9746 -0.1982 -0.1048
vn -0.9095 0.3870 0.1516
vn -0.9038 0.3896 0.1772
vn 0.6142 0.7835 -0.0944
vn 0.5959 0.8027 -0.0241
vn -0.1881 0.7721 0.6071
vn -0.2039 -0.8068 -0.5544
vn -0.4376 0.5612 -0.7026
vn 0.2076 -0.4600 0.8633
vn -0.4842 0.8229 -0.2972
vn -0.3496 0.1297 0.9279
vn -0.4020 0.6213 -0.6726
vn -0.1063 -0.9631 0.2474
vn -0.3227 0.5602 -0.7629
vn -0.5267 -0.8398 -0.1318
vn -0.3780 0.3470 -0.8583
vn -0.7023 -0.6922 0.1663
vn -0.2674 0.5520 -0.7898
vn -0.5480 -0.8259 0.1325
vn -0.1399 0.5245 -0.8399
vn -0.4558 -0.8869 -0.0755
vn -0.1720 0.3542 -0.9192
vn -0.3269 -0.8037 -0.4972
vn -0.1584 0.3595 -0.9196
vn -0.3626 -0.7150 -0.5978
vn -0.2577 0.9637 0.0700
vn -0.1180 -0.6646 -0.7378
vn -0.4970 -0.3482 -0.7948
vn -0.3000 0.9412 0.1557
vn -0.1606 -0.6042 -0.7805
vn -0.4342 -0.2474 -0.8662
vn -0.2179 0.7590 0.6135
vn -0.2292 -0.2481 -0.9412
vn -0.3278 -0.2025 -0.9228
vn -0.1708 0.2241 0.9595
vn -0.2420 -0.1749 -0.9544
vn -0.3470 -0.1606 -0.9240
vn -0.2140 0.8709 0.4424
vn -0.2335 0.3176 -0.9190
vn -0.4490 -0.4398 -0.7778
vn -0.2072 0.8868 0.4131
vn -0.2558 0.5309 -0.8079
vn -0.5071 -0.8090 -0.2974
vn -0.2672 0.6425 0.7182
vn -0.2676 0.7379 -0.6196
vn -0.4958 -0.3861 -0.7779
vn -0.1282 -0.2440 0.9613
vn -0.2287 0.7779 -0.5852
vn -0.3926 0.4848 -0.7816
vn 0.0989 -0.9937 -0.0534
vn -0.3543 0.9167 -0.1846
vn -0.1034 0.9897 0.0995
vn -0.4803 0.7999 0.3599
vn -0.0986 -0.4435 0.8908
vn -0.6087 0.2629 0.7486
vn -0.0911 -0.8216 0.5627
vn -0.5846 0.1301 0.8008
vn -0.1042 -0.9524 0.2865
vn -0.4727 0.1694 0.8648
vn -0.1641 -0.9469 0.2764
vn -0.3907 0.2760 0.8782
vn -0.0963 -0.8623 0.4972
vn -0.4057 0.3712 0.8352
vn -0.2858 -0.0274 0.9579
vn -0.5458 0.6632 0.5121
vn -0.3167 -0.1203 0.9409
vn -0.5389 0.8146 0.2145
vn -0.2647 -0.3088 0.9136
vn -0.4421 0.8897 -0.1136
vn -0.3041 -0.6358 0.7095
vn -0.4405 -0.8348 0.3302
vn -0.3426 -0.8960 0.2826
vn -0.4366 -0.8757 0.2060
vn -0.6547 -0.6581 0.3718
vn -0.7305 -0.6002 0.3259
vn -0.9056 -0.4040 0.1292
vn -0.9086 -0.4103 0.0786
vn -0.2347 0.9668 0.1006
vn 0.2124 -0.9758 -0.0515
vn -0.9319 -0.2185 0.2895
vn -0.7450 0.6209 0.2441
vn -0.5060 0.8214 0.2630
vn -0.9946 -0.0287 0.0996
vn -0.6647 0.6017 0.4429
vn -0.2502 0.6397 0.7267
vn -0.8332 0.5394 0.1213
vn -0.7518 0.6543 0.0822
vn -0.5661 0.8056 0.1748
vn -0.3206 0.1335 0.9377
vn -0.2887 0.7380 0.6099
vn -0.1524 0.6032 0.7829
vn -0.4403 0.7730 0.4568
vn -0.6263 0.6742 0.3913
vn -0.8780 0.3359 0.3411
vn -0.8996 -0.0412 0.4348
vn -0.7634 -0.2302 0.6035
vn -0.5508 -0.1462 0.8217
vn -0.7721 -0.1315 0.6217
vn -0.7680 0.4487 0.4570
vn -0.6629 0.7382 0.1249
vn -0.6675 0.7361 0.1126
vn -0.3759 0.1416 0.9158
vn -0.3496 0.1259 0.9284
vn -0.3363 0.1185 0.9343
vn -0.3223 0.0464 0.9455
vn -0.2954 -0.0330 0.9548
vn -0.3285 0.2324 0.9155
vn -0.3130 0.1440 0.9388
vn -0.6018 0.7745 0.1948
vn -0.7411 0.6679 0.0684
vn -0.7996 0.5748 0.1740
vn -0.7788 0.6249 0.0548
vn -0.8241 0.4893 -0.2854
vn -0.6539 0.5238 -0.5459
vn -0.4988 0.5114 -0.6998
vn -0.4856 0.4697 -0.7373
vn -0.4567 0.2705 -0.8475
vn -0.4855 -0.1408 -0.8628
vn -0.4512 -0.2423 -0.8589
vn -0.3512 -0.4974 -0.7933
vn -0.2305 -0.6803 -0.6958
vn -0.4551 -0.8352 -0.3086
vn -0.4676 -0.8760 0.1180
vn -0.3731 -0.9162 0.1461
vn -0.4075 -0.8956 0.1786
vn -0.4617 -0.8351 0.2990
vn -0.7827 0.1718 0.5982
vn -0.6571 -0.5683 0.4952
vn -0.7778 -0.1885 0.5995
vn -0.7009 -0.4042 0.5877
vn -0.4244 -0.8527 0.3045
vn -0.5937 -0.8046 -0.0153
vn -0.7661 -0.4703 -0.4380
vn -0.8308 -0.3251 -0.4518
vn -0.8005 -0.1523 -0.5796
vn -0.7991 0.0324 -0.6003
vn -0.7887 0.2396 -0.5661
vn -0.7987 0.2539 -0.5456
vn -0.8336 0.3806 -0.4003
vn -0.9044 0.3015 0.3020
vn -0.9413 0.1082 0.3198
vn -0.8691 0.1515 0.4709
vn -0.9368 0.2185 0.2734
vn -0.9111 -0.1356 0.3893
vn -0.8793 -0.2598 0.3991
vn -0.8070 -0.4415 0.3921
vn -0.6813 -0.6166 0.3944
vn -0.7874 -0.6155 -0.0331
vn -0.9008 -0.3627 -0.2387
vn -0.8072 -0.3834 -0.4488
vn -0.9643 -0.1602 -0.2107
vn -0.9689 -0.1334 -0.2083
vn -0.9698 -0.1284 -0.2075
vn -0.7053 -0.4582 0.5409
vn -0.4604 0.0466 0.8865
vn -0.4459 0.1935 0.8739
vn -0.4215 0.2542 0.8705
vn -0.4062 0.2634 0.8750
vn -0.4461 0.2519 0.8588
vn -0.5266 0.2249 0.8198
vn -0.8700 0.3021 0.3896
vn -0.7473 0.2289 0.6238
vn -0.8350 -0.0499 0.5480
vn -0.7200 -0.0976 0.6870
vn -0.9975 -0.0632 -0.0304
vn -0.9814 -0.1813 0.0639
vn -0.9916 -0.1270 0.0231
vn -0.2344 -0.8067 0.5425
vn 0.5078 -0.4126 0.7562
vn 0.7075 0.3619 0.6071
vn 0.3445 0.9250 0.1604
vn -0.5494 0.8267 -0.1215
vn -0.9316 -0.1277 0.3403
vn -0.9854 -0.0114 0.1699
vn -0.9962 -0.0814 0.0296
vn -0.4715 -0.3162 0.8232
vn -0.3750 -0.1905 0.9072
vn -0.4749 0.4728 0.7423
vn -0.4031 0.4216 0.8123
vn -0.7483 0.2654 0.6079
vn -0.8289 0.1981 0.5231
vn -0.7114 0.4433 0.5454
vn -0.2543 0.8815 -0.3978
vn -0.3932 0.4981 -0.7728
vn -0.8102 0.5048 -0.2978
vn -0.4821 0.5365 -0.6927
vn -0.3705 0.5253 -0.7660
vn -0.1804 0.3167 -0.9312
vn -0.2665 0.3614 -0.8935
vn -0.2300 0.0448 -0.9721
vn -0.4703 0.2136 -0.8563
vn -0.5044 -0.1375 -0.8525
vn -0.6065 -0.2952 -0.7382
vn -0.2392 0.8259 0.5106
vn -0.4037 0.6687 0.6244
vn -0.5104 -0.0645 0.8575
vn -0.5506 -0.1992 0.8106
vn -0.2239 -0.6555 0.7212
vn -0.0695 -0.6885 0.7219
vn -0.6842 0.2007 0.7012
vn -0.8092 -0.0326 0.5866
vn -0.8816 -0.0621 0.4678
vn -0.7770 -0.2353 0.5839
vn -0.5050 -0.4553 0.7333
vn -0.8986 0.0060 0.4387
vn -0.8304 -0.2619 0.4918
vn -0.5557 -0.1222 -0.8224
vn -0.9777 -0.2099 0.0007
vn -0.5454 0.4022 -0.7354
vn -0.6857 0.2539 -0.6822
vn -0.8053 0.0736 -0.5883
vn -0.7346 0.1923 -0.6507
vn -0.7360 -0.0252 -0.6766
vn -0.8634 0.1560 -0.4799
vn -0.7444 0.1876 -0.6409
vn -0.9018 -0.0360 -0.4307
vn -0.7441 -0.3700 -0.5563
vn -0.5494 -0.4680 -0.6922
vn -0.8166 -0.2030 -0.5403
vn -0.5309 -0.8096 -0.2506
vn -0.7122 -0.5624 -0.4201
vn -0.9927 -0.0854 -0.0848
vn -0.9970 -0.0646 -0.0428
vn -0.9964 -0.0736 -0.0427
vn -0.9992 -0.0397 0.0053
vn -0.9995 -0.0150 0.0270
vn -0.9998 -0.0090 0.0200
vn -0.9980 0.0374 0.0506
vn -0.9997 0.0218 -0.0076
vn -0.9936 -0.0090 -0.1125
vn -0.9895 -0.1177 -0.0836
vn -0.9930 -0.1059 -0.0513
vn -0.9954 -0.0070 -0.0954
vn 0.1267 0.9657 -0.2266
vn -0.7434 0.5090 -0.4339
vn -0.9167 -0.3244 -0.2333
vn 0.4557 0.8829 -0.1136
vn -0.0523 -0.9745 0.2182
vn 0.4303 -0.6182 -0.6577
vn 0.3226 -0.5816 -0.7468
vn 0.0154 -0.3662 -0.9304
vn 0.0782 -0.0039 -0.9969
vn -0.0590 0.1784 -0.9822
vn 0.1366 0.9566 -0.2575
vn 0.1003 0.1475 -0.9840
vn 0.0745 -0.0752 -0.9944
vn 0.1960 -0.4397 -0.8765
vn 0.3298 -0.4437 -0.8333
vn 0.3092 -0.2845 -0.9074
vn -0.6443 0.4441 -0.6226
vn -0.7240 -0.3884 -0.5700
vn -0.4232 -0.8860 -0.1893
vn -0.1759 -0.9586 0.2241
vn 0.5230 -0.5387 0.6605
vn 0.6374 0.4084 0.6534
vn 0.3464 0.9183 0.1915
vn -0.1350 0.9326 -0.3346
vn 0.3172 0.8973 -0.3071
vn 0.2234 0.9212 0.3186
vn 0.6443 0.3777 0.6650
vn 0.4632 -0.6522 0.6001
vn -0.1520 -0.9408 0.3030
vn -0.5943 -0.7870 -0.1659
vn -0.7736 -0.2321 -0.5896
vn -0.3108 0.6969 -0.6464
vn 0.6394 0.7689 0.0055
vn -0.2001 -0.4803 0.8539
vn 0.8995 0.2964 0.3209
vn 0.3174 -0.6061 0.7293
vn 0.8558 -0.1266 0.5015
vn -0.0571 -0.9728 0.2244
vn 0.4642 -0.8854 0.0233
vn 0.4257 -0.7185 0.5501
vn -0.1242 -0.9493 -0.2886
vn -0.0982 -0.9589 0.2661
vn -0.4316 -0.7250 -0.5367
vn -0.6972 -0.3066 -0.6480
vn -0.8376 0.2197 -0.5001
vn -0.5180 0.5843 -0.6247
vn -0.1168 0.8897 -0.4414
vn -0.0769 0.9247 -0.3729
vn -0.5988 0.6257 -0.5000
vn -0.8338 0.2177 -0.5073
vn -0.8646 -0.4350 -0.2516
vn -0.5389 -0.8423 0.0115
vn -0.4907 0.6260 0.6061
vn -0.0117 0.7543 0.6564
vn 0.3582 0.7215 0.5926
vn 0.8398 0.4787 0.2561
vn 0.9655 0.2584 0.0312
vn 0.9265 -0.2068 -0.3143
vn 0.4370 -0.6185 -0.6530
vn 0.0284 -0.7543 -0.6559
vn -0.5461 -0.6887 -0.4769
vn -0.9206 -0.3706 -0.1227
vn -0.8795 0.2835 0.3824
vn -0.1768 0.5291 -0.8299
vn -0.1002 0.6017 -0.7924
vn -0.1103 0.6039 -0.7894
vn 0.8264 0.5558 -0.0904
vn 0.2528 0.8745 -0.4139
vn -0.2640 0.6161 -0.7421
vn 0.7175 0.3961 -0.5729
vn 0.9918 0.0648 -0.1105
vn 0.9359 -0.2669 -0.2297
vn 0.3377 -0.8038 -0.4897
vn -0.0963 -0.8041 -0.5866
vn -0.6437 -0.4309 -0.6324
vn -0.6272 -0.1331 -0.7674
vn -0.4077 0.3022 -0.8616
vn -0.0323 -0.8964 -0.4420
vn -0.7623 -0.6333 -0.1336
vn -0.8586 -0.4664 -0.2127
vn -0.8986 -0.4007 -0.1785
vn -0.9549 -0.2857 -0.0806
vn -0.3114 0.7510 -0.5823
vn -0.1972 0.7976 -0.5700
vn -0.1222 0.8239 -0.5534
vn 0.9438 0.3306 0.0037
vn -0.1661 0.8387 0.5186
vn -0.2918 0.8226 0.4881
vn -0.4912 0.7628 0.4204
vn 0.8944 0.4442 0.0528
vn 0.1217 0.9366 0.3286
vn -0.9728 0.2239 0.0595
vn -0.1816 0.9072 -0.3794
vn 0.2930 0.9324 -0.2117
vn -0.7474 0.6424 0.1695
vn 0.0573 0.8073 0.5873
vn 0.0825 -0.4557 0.8863
vn 0.1256 -0.4321 0.8930
vn 0.0477 -0.4599 0.8867
vn 0.0479 -0.4700 0.8814
vn 0.0719 -0.4858 0.8711
vn 0.1177 -0.4815 0.8685
vn 0.0785 -0.4993 0.8628
vn -0.2851 0.8081 -0.5154
vn -0.9336 0.0736 -0.3505
vn -0.8549 -0.5184 0.0208
vn -0.3844 -0.8385 0.3863
vn 0.2242 -0.7721 0.5947
vn 0.9100 -0.0106 0.4144
vn 0.8096 0.5860 0.0342
vn 0.3554 0.8833 -0.3056
vn 0.3676 0.8583 -0.3582
vn 0.8328 0.5533 -0.0199
vn -0.5447 -0.6391 0.5430
vn 0.8559 0.0895 0.5094
vn 0.7173 0.6052 -0.3453
vn 0.3859 -0.8228 -0.4172
vn -0.2259 0.6941 0.6836
vn -0.2454 0.7798 -0.5760
vn 0.8044 0.1527 0.5742
vn 0.0897 0.9673 0.2372
vn -0.1745 -0.3355 0.9257
vn -0.4030 -0.4060 0.8202
vn -0.3813 -0.6684 0.6386
vn -0.1938 0.7675 -0.6111
vn 0.3848 -0.9163 -0.1108
vn -0.3677 0.0922 0.9254
vn -0.9171 -0.1883 -0.3514
vn 0.8391 0.1566 0.5210
vn -0.3732 0.9064 0.1977
vn 0.2373 -0.9703 0.0462
vn -0.8816 -0.2786 -0.3810
vn -0.5298 -0.7702 -0.3552
vn -0.7554 -0.1281 -0.6426
vn -0.4367 0.8987 -0.0410
vn 0.7632 0.2383 0.6007
vn -0.8522 -0.0534 -0.5205
vn 0.1830 -0.9794 0.0849
vn -0.7860 -0.0464 0.6165
vn -0.2922 -0.0692 0.9539
vn 0.3575 0.8817 -0.3079
vn 0.8165 0.5766 0.0289
vn 0.9314 -0.0385 0.3620
vn 0.2629 -0.8224 0.5046
vn -0.3715 -0.8543 0.3635
vn -0.8558 -0.5172 0.0125
vn -0.9285 0.0735 -0.3639
vn -0.2928 0.7961 -0.5297
vn -0.4970 0.5456 -0.6748
vn -0.8570 -0.0235 -0.5148
vn -0.7827 -0.6134 -0.1051
vn -0.3421 -0.8695 0.3562
vn 0.2907 -0.7716 0.5658
vn 0.8471 0.1366 0.5136
vn 0.7033 0.7014 0.1158
vn -0.0409 0.9814 -0.1878
vn -0.8938 -0.2063 -0.3981
vn -0.8856 -0.1907 -0.4235
vn 0.0238 -0.9888 -0.1477
vn 0.2478 -0.9555 -0.1602
vn 0.0635 0.9041 0.4225
vn 0.0262 0.9017 0.4316
vn 0.7234 0.3502 0.5950
vn 0.7519 0.2264 0.6192
vn -0.9150 -0.2225 -0.3366
vn -0.8895 -0.2494 -0.3828
vn 0.2307 -0.9689 0.0891
vn 0.2408 -0.9705 0.0130
vn -0.2904 0.9556 0.0502
vn -0.3738 0.9056 0.2004
vn 0.8599 0.2148 0.4631
vn 0.8281 0.1729 0.5332
vn 0.2029 -0.9769 0.0678
vn -0.8588 -0.0668 -0.5079
vn -0.8510 -0.0520 -0.5226
vn 0.7807 0.2488 0.5733
vn 0.7634 0.2339 0.6021
vn -0.5465 0.8187 -0.1763
vn -0.5213 0.8500 -0.0760
vn -0.1788 0.6738 0.7169
vn 0.4817 -0.7283 -0.4874
vn 0.6861 0.6452 -0.3363
vn -0.5625 -0.5692 0.5997
vt 0.715527 0.906276
vt 0.715586 0.923438
vt 0.707584 0.928879
vt 0.708487 0.908783
vt 0.575335 0.647347
vt 0.577691 0.667028
vt 0.560289 0.663839
vt 0.559806 0.647417
vt 0.315664 0.773328
vt 0.318010 0.758762
vt 0.330136 0.759557
vt 0.324914 0.776363
vt 0.616566 0.815421
vt 0.616566 0.804166
vt 0.634395 0.804525
vt 0.634054 0.820183
vt 0.318764 0.748627
vt 0.332771 0.748969
vt 0.617050 0.777133
vt 0.628267 0.777152
vt 0.319250 0.726714
vt 0.333216 0.727776
vt 0.617076 0.751007
vt 0.625317 0.751090
vt 0.319982 0.707206
vt 0.333686 0.707088
vt 0.617267 0.726985
vt 0.623244 0.727082
vt 0.321859 0.678137
vt 0.335380 0.678344
vt 0.618164 0.702388
vt 0.623485 0.702472
vt 0.323141 0.658320
vt 0.335402 0.658917
vt 0.620432 0.682295
vt 0.626592 0.682423
vt 0.324590 0.646044
vt 0.334551 0.644812
vt 0.622643 0.667028
vt 0.629252 0.669904
vt 0.682397 0.552460
vt 0.682337 0.573143
vt 0.655097 0.571913
vt 0.650409 0.554222
vt 0.321683 0.629410
vt 0.335275 0.627992
vt 0.704017 0.842239
vt 0.703842 0.822117
vt 0.710550 0.822622
vt 0.711127 0.841489
vt 0.682397 0.594713
vt 0.661361 0.592327
vt 0.319905 0.615472
vt 0.336579 0.613882
vt 0.703986 0.790009
vt 0.710557 0.790463
vt 0.355674 0.391886
vt 0.355674 0.406662
vt 0.342132 0.405981
vt 0.338044 0.392872
vt 0.319499 0.597411
vt 0.338427 0.597260
vt 0.704550 0.772116
vt 0.710170 0.772519
vt 0.354288 0.429332
vt 0.349262 0.429103
vt 0.319340 0.585394
vt 0.338252 0.584727
vt 0.705000 0.760289
vt 0.710486 0.759649
vt 0.307947 0.374051
vt 0.298350 0.375845
vt 0.298205 0.364093
vt 0.308074 0.369029
vt 0.321866 0.565330
vt 0.338390 0.566381
vt 0.704397 0.750997
vt 0.711127 0.748817
vt 0.517858 0.479058
vt 0.460177 0.004048
vt 0.871784 0.014837
vt 0.846196 0.489475
vt 0.323894 0.555054
vt 0.341257 0.557801
vt 0.436886 0.940340
vt 0.436789 0.929367
vt 0.443445 0.932495
vt 0.443445 0.942350
vt 0.455199 0.185891
vt 0.450364 0.186091
vt 0.450201 0.161056
vt 0.455082 0.165815
vt 0.449021 0.885100
vt 0.435497 0.882961
vt 0.435497 0.857515
vt 0.446942 0.867955
vt 0.401081 0.939173
vt 0.400844 0.934479
vt 0.407481 0.934485
vt 0.407911 0.936128
vt 0.445874 0.185650
vt 0.445874 0.163013
vt 0.697015 0.841345
vt 0.697015 0.810133
vt 0.687156 0.817241
vt 0.685835 0.841805
vt 0.401451 0.930203
vt 0.407911 0.931698
vt 0.353223 0.232101
vt 0.353223 0.201840
vt 0.375582 0.200557
vt 0.375499 0.229461
vt 0.549328 0.926541
vt 0.549175 0.933125
vt 0.542485 0.934288
vt 0.543259 0.929215
vt 0.353223 0.200094
vt 0.353223 0.232938
vt 0.330676 0.231339
vt 0.330642 0.199946
vt 0.549328 0.947800
vt 0.542691 0.945304
vt 0.253899 0.303117
vt 0.250278 0.298059
vt 0.266523 0.287633
vt 0.273388 0.291989
vt 0.708106 0.616124
vt 0.708106 0.632416
vt 0.701844 0.632879
vt 0.700791 0.619493
vt 0.245958 0.289876
vt 0.261401 0.281491
vt 0.707748 0.646008
vt 0.701580 0.646907
vt 0.240135 0.277912
vt 0.254864 0.270683
vt 0.707397 0.664451
vt 0.701282 0.665508
vt 0.402244 0.869709
vt 0.393551 0.851220
vt 0.405028 0.845586
vt 0.416974 0.862480
vt 0.707038 0.695244
vt 0.700997 0.695976
vt 0.386962 0.837774
vt 0.395334 0.833727
vt 0.707070 0.713797
vt 0.700998 0.716062
vt 0.558509 0.558726
vt 0.560068 0.566065
vt 0.540210 0.572998
vt 0.549338 0.560525
vt 0.713314 0.850103
vt 0.714311 0.868252
vt 0.708804 0.868989
vt 0.707584 0.849509
vt 0.494959 0.330435
vt 0.500383 0.359806
vt 0.478796 0.364336
vt 0.475101 0.337368
vt 0.715128 0.886945
vt 0.709446 0.888047
vt 0.504335 0.377713
vt 0.482141 0.382469
vt 0.510227 0.411717
vt 0.494698 0.411787
vt 0.407737 0.832305
vt 0.399339 0.825595
vt 0.421203 0.843869
vt 0.267053 0.276363
vt 0.259094 0.252072
vt 0.270684 0.278091
vt 0.440251 0.194348
vt 0.447494 0.204629
vt 0.439332 0.205498
vt 0.436345 0.196009
vt 0.412498 0.180760
vt 0.422125 0.177675
vt 0.431946 0.197546
vt 0.428728 0.175560
vt 0.325220 0.219367
vt 0.322509 0.197649
vt 0.380870 0.217644
vt 0.383518 0.197649
vt 0.360062 0.407792
vt 0.360359 0.420073
vt 0.356230 0.421116
vt 0.355674 0.408226
vt 0.364339 0.408292
vt 0.365042 0.418072
vt 0.301403 0.358857
vt 0.281200 0.363926
vt 0.286387 0.355601
vt 0.421955 0.363741
vt 0.420609 0.384355
vt 0.416221 0.384788
vt 0.416221 0.363264
vt 0.461772 0.162604
vt 0.459964 0.170574
vt 0.458046 0.159797
vt 0.460035 0.185690
vt 0.369776 0.389853
vt 0.361408 0.387179
vt 0.375212 0.394850
vt 0.368617 0.408792
vt 0.308433 0.362486
vt 0.335665 0.412607
vt 0.342405 0.431159
vt 0.509971 0.855625
vt 0.509971 0.870402
vt 0.492341 0.871388
vt 0.488253 0.858280
vt 0.328081 0.403629
vt 0.643475 0.590402
vt 0.665643 0.605269
vt 0.655834 0.616124
vt 0.641947 0.611189
vt 0.636450 0.596698
vt 0.609689 0.719472
vt 0.616566 0.733230
vt 0.611116 0.736007
vt 0.604100 0.725019
vt 0.602320 0.746436
vt 0.591811 0.734521
vt 0.599873 0.753043
vt 0.582084 0.743307
vt 0.549328 0.934323
vt 0.549821 0.942347
vt 0.558146 0.936142
vt 0.662674 0.923006
vt 0.648112 0.918826
vt 0.653252 0.929112
vt 0.664287 0.933735
vt 0.365671 0.384332
vt 0.308868 0.344869
vt 0.308071 0.351987
vt 0.304745 0.351314
vt 0.403849 0.457626
vt 0.403849 0.450351
vt 0.395899 0.448025
vt 0.395031 0.455807
vt 0.311022 0.426892
vt 0.322948 0.424757
vt 0.324575 0.431450
vt 0.317090 0.434306
vt 0.320576 0.414344
vt 0.309091 0.413047
vt 0.312989 0.407973
vt 0.330911 0.437808
vt 0.793250 0.223675
vt 0.828202 0.457444
vt 0.618255 0.418430
vt 0.615091 0.336003
vt 0.612029 0.208153
vt 0.639456 0.572589
vt 0.593301 0.682528
vt 0.606731 0.670312
vt 0.616566 0.685654
vt 0.605437 0.692823
vt 0.596175 0.708977
vt 0.615581 0.707970
vt 0.589785 0.699510
vt 0.582041 0.693058
vt 0.598322 0.667028
vt 0.583962 0.677109
vt 0.369737 0.572392
vt 0.352594 0.552460
vt 0.373341 0.567876
vt 0.367864 0.577403
vt 0.366075 0.584044
vt 0.365380 0.596718
vt 0.365085 0.612279
vt 0.360398 0.628826
vt 0.350750 0.644069
vt 0.392216 0.786540
vt 0.402651 0.776363
vt 0.420632 0.791086
vt 0.406988 0.799394
vt 0.405962 0.807266
vt 0.422418 0.808894
vt 0.403872 0.815612
vt 0.419770 0.818213
vt 0.428753 0.823834
vt 0.509971 0.865217
vt 0.514058 0.855625
vt 0.519968 0.862847
vt 0.515705 0.865694
vt 0.427066 0.848462
vt 0.435497 0.826322
vt 0.648112 0.935491
vt 0.590837 0.767357
vt 0.584234 0.769472
vt 0.570902 0.755975
vt 0.574629 0.751121
vt 0.431314 0.809021
vt 0.427205 0.793414
vt 0.540511 0.697177
vt 0.547093 0.730889
vt 0.541173 0.732085
vt 0.532113 0.711229
vt 0.562757 0.697591
vt 0.550810 0.685608
vt 0.570577 0.690853
vt 0.560554 0.677405
vt 0.574097 0.689166
vt 0.568254 0.675502
vt 0.575681 0.675518
vt 0.577866 0.689949
vt 0.626603 0.638312
vt 0.616069 0.638312
vt 0.617054 0.653862
vt 0.622517 0.653172
vt 0.626379 0.654319
vt 0.635287 0.640884
vt 0.580640 0.722873
vt 0.586398 0.712770
vt 0.572141 0.733158
vt 0.565549 0.740298
vt 0.561654 0.741358
vt 0.564214 0.757914
vt 0.554565 0.748338
vt 0.555182 0.735354
vt 0.556952 0.717457
vt 0.561415 0.707970
vt 0.573009 0.698961
vt 0.576204 0.696014
vt 0.620934 0.659264
vt 0.565101 0.732562
vt 0.595465 0.941413
vt 0.590473 0.933454
vt 0.601696 0.928475
vt 0.607201 0.938223
vt 0.587820 0.943738
vt 0.577807 0.922239
vt 0.569137 0.928500
vt 0.566550 0.899987
vt 0.577303 0.905397
vt 0.585752 0.881009
vt 0.587376 0.894760
vt 0.602095 0.897258
vt 0.607201 0.887576
vt 0.580532 0.716408
vt 0.581494 0.706048
vt 0.571725 0.727457
vt 0.558807 0.726763
vt 0.566173 0.720939
vt 0.573494 0.711579
vt 0.574585 0.704139
vt 0.697390 0.811476
vt 0.703255 0.810133
vt 0.703255 0.826356
vt 0.697015 0.823415
vt 0.460392 0.921400
vt 0.450770 0.920590
vt 0.449570 0.908496
vt 0.454588 0.910643
vt 0.456074 0.937116
vt 0.449570 0.937147
vt 0.670818 0.932187
vt 0.664287 0.934571
vt 0.665491 0.918826
vt 0.672694 0.920701
vt 0.672694 0.942322
vt 0.664689 0.945719
vt 0.559700 0.713744
vt 0.563756 0.707505
vt 0.684187 0.902475
vt 0.694965 0.905316
vt 0.693382 0.914217
vt 0.676917 0.911708
vt 0.675595 0.927709
vt 0.691324 0.921466
vt 0.694965 0.933074
vt 0.684355 0.935805
vt 0.541585 0.558511
vt 0.528916 0.569118
vt 0.532388 0.555904
vt 0.521141 0.552460
vt 0.526151 0.553591
vt 0.513948 0.569763
vt 0.549493 0.797351
vt 0.566550 0.797295
vt 0.565878 0.813416
vt 0.547708 0.807306
vt 0.537392 0.799810
vt 0.534659 0.810816
vt 0.363865 0.923674
vt 0.363865 0.944905
vt 0.354036 0.932961
vt 0.344903 0.651798
vt 0.364481 0.653082
vt 0.362348 0.658773
vt 0.342495 0.659993
vt 0.339891 0.674593
vt 0.357846 0.666557
vt 0.356407 0.672538
vt 0.374771 0.669155
vt 0.366324 0.678950
vt 0.523030 0.576238
vt 0.528035 0.587899
vt 0.384202 0.803653
vt 0.371898 0.801971
vt 0.371718 0.789607
vt 0.386962 0.776363
vt 0.386962 0.822023
vt 0.371824 0.823522
vt 0.541968 0.643781
vt 0.532186 0.621568
vt 0.547249 0.618099
vt 0.616566 0.921869
vt 0.631639 0.918826
vt 0.624168 0.923780
vt 0.631639 0.938883
vt 0.359796 0.805275
vt 0.357547 0.801218
vt 0.357942 0.823151
vt 0.344060 0.822779
vt 0.357283 0.843629
vt 0.341355 0.845124
vt 0.371244 0.846983
vt 0.334911 0.807988
vt 0.340175 0.795774
vt 0.360169 0.693715
vt 0.331659 0.781924
vt 0.326391 0.795813
vt 0.346388 0.702998
vt 0.345968 0.727432
vt 0.345431 0.746943
vt 0.364191 0.704972
vt 0.358723 0.726060
vt 0.359023 0.744120
vt 0.321128 0.827648
vt 0.315664 0.803229
vt 0.320477 0.845674
vt 0.328223 0.851177
vt 0.357980 0.765835
vt 0.362710 0.748783
vt 0.685452 0.849509
vt 0.675616 0.855883
vt 0.676057 0.872499
vt 0.675595 0.886629
vt 0.681222 0.894723
vt 0.697338 0.888590
vt 0.639587 0.806919
vt 0.707584 0.892068
vt 0.707584 0.860751
vt 0.520046 0.855625
vt 0.496719 0.840987
vt 0.512949 0.831749
vt 0.532113 0.833067
vt 0.478084 0.825462
vt 0.493136 0.817271
vt 0.465318 0.804816
vt 0.478329 0.800620
vt 0.463388 0.781726
vt 0.470753 0.783198
vt 0.466361 0.764369
vt 0.470102 0.763123
vt 0.477438 0.745087
vt 0.482066 0.744851
vt 0.498404 0.716037
vt 0.501884 0.719643
vt 0.510889 0.701373
vt 0.514701 0.705331
vt 0.520391 0.691813
vt 0.524329 0.694474
vt 0.526473 0.680084
vt 0.532113 0.682164
vt 0.523957 0.669976
vt 0.530890 0.671105
vt 0.524350 0.667195
vt 0.527411 0.667028
vt 0.473637 0.938729
vt 0.463388 0.938941
vt 0.471883 0.916323
vt 0.478957 0.916800
vt 0.449570 0.880862
vt 0.456368 0.858187
vt 0.463165 0.857515
vt 0.456304 0.879418
vt 0.455395 0.908496
vt 0.463165 0.906863
vt 0.607569 0.902867
vt 0.613729 0.903791
vt 0.615882 0.882108
vt 0.607201 0.881009
vt 0.614386 0.911454
vt 0.615882 0.923457
vt 0.607494 0.920361
vt 0.667244 0.787118
vt 0.678014 0.793708
vt 0.683906 0.810133
vt 0.668761 0.801780
vt 0.688244 0.788708
vt 0.699671 0.798806
vt 0.690574 0.774702
vt 0.703842 0.770842
vt 0.685871 0.767243
vt 0.689271 0.748817
vt 0.596810 0.662150
vt 0.600171 0.661459
vt 0.585549 0.642744
vt 0.478958 0.938941
vt 0.667244 0.754496
vt 0.668656 0.752588
vt 0.586923 0.663965
vt 0.577691 0.638312
vt 0.577691 0.664475
vt 0.667548 0.777014
vt 0.548146 0.827481
vt 0.533449 0.834332
vt 0.391307 0.690936
vt 0.387639 0.701027
vt 0.367262 0.692130
vt 0.381022 0.705916
vt 0.374837 0.940249
vt 0.363865 0.941466
vt 0.363865 0.923843
vt 0.374890 0.923674
vt 0.670143 0.689718
vt 0.667244 0.667028
vt 0.684672 0.672270
vt 0.684237 0.685779
vt 0.505345 0.601994
vt 0.515139 0.611569
vt 0.497717 0.596775
vt 0.562325 0.837391
vt 0.560634 0.848058
vt 0.560347 0.849873
vt 0.547065 0.847915
vt 0.547223 0.844944
vt 0.497132 0.613696
vt 0.490411 0.608825
vt 0.507656 0.624236
vt 0.683025 0.704101
vt 0.670724 0.702182
vt 0.696233 0.697263
vt 0.696361 0.678483
vt 0.402853 0.716966
vt 0.397616 0.721147
vt 0.410700 0.708916
vt 0.532308 0.854179
vt 0.532113 0.857556
vt 0.585911 0.585923
vt 0.577691 0.580478
vt 0.601213 0.552460
vt 0.607378 0.568403
vt 0.616566 0.849185
vt 0.616566 0.826676
vt 0.633712 0.835841
vt 0.633806 0.849509
vt 0.598904 0.587324
vt 0.621016 0.572841
vt 0.636450 0.574674
vt 0.611281 0.587946
vt 0.644751 0.813192
vt 0.655678 0.836629
vt 0.645446 0.844182
vt 0.428283 0.931684
vt 0.429200 0.942007
vt 0.436789 0.942618
vt 0.654101 0.809977
vt 0.667244 0.835645
vt 0.687116 0.902475
vt 0.698627 0.897178
vt 0.343819 0.851247
vt 0.334107 0.856793
vt 0.358792 0.848232
vt 0.447926 0.792782
vt 0.435497 0.781681
vt 0.437754 0.776363
vt 0.450825 0.784157
vt 0.697015 0.842016
vt 0.697015 0.826356
vt 0.702684 0.832744
vt 0.461120 0.817822
vt 0.450250 0.823385
vt 0.461120 0.784093
vt 0.436634 0.822200
vt 0.372341 0.876435
vt 0.384550 0.875330
vt 0.360822 0.882272
vt 0.592233 0.827228
vt 0.569998 0.809547
vt 0.577515 0.797295
vt 0.605678 0.819874
vt 0.685650 0.662672
vt 0.675277 0.661145
vt 0.672532 0.616124
vt 0.684045 0.618490
vt 0.692661 0.662442
vt 0.695848 0.621953
vt 0.700791 0.628900
vt 0.700791 0.664838
vt 0.602788 0.620231
vt 0.616412 0.623339
vt 0.629667 0.623900
vt 0.581504 0.829089
vt 0.578192 0.865765
vt 0.566550 0.865878
vt 0.573294 0.827097
vt 0.588892 0.865880
vt 0.597868 0.862086
vt 0.362545 0.921907
vt 0.352022 0.923674
vt 0.375241 0.919902
vt 0.352009 0.152615
vt 0.362211 0.160740
vt 0.353670 0.177142
vt 0.343463 0.175624
vt 0.373110 0.161650
vt 0.366517 0.177078
vt 0.379545 0.158793
vt 0.377574 0.175587
vt 0.374257 0.363272
vt 0.374257 0.346624
vt 0.375933 0.352965
vt 0.227271 0.446557
vt 0.220674 0.455321
vt 0.216984 0.455754
vt 0.218622 0.449448
vt 0.230653 0.464272
vt 0.222751 0.464987
vt 0.235215 0.436123
vt 0.235215 0.470923
vt 0.325361 0.174576
vt 0.289508 0.174803
vt 0.289384 0.166439
vt 0.323424 0.159831
vt 0.336680 0.160391
vt 0.338641 0.174803
vt 0.285205 0.402256
vt 0.282313 0.417500
vt 0.273563 0.416926
vt 0.273563 0.402369
vt 0.295905 0.402372
vt 0.299653 0.405875
vt 0.304881 0.398577
vt 0.310968 0.403036
vt 0.312506 0.395808
vt 0.316111 0.397777
vt 0.348056 0.153077
vt 0.297277 0.417442
vt 0.320738 0.415018
vt 0.407494 0.094654
vt 0.389410 0.099277
vt 0.403072 0.088952
vt 0.389410 0.118662
vt 0.407410 0.113856
vt 0.539779 0.363593
vt 0.557779 0.358787
vt 0.549219 0.374079
vt 0.540465 0.375762
vt 0.352432 0.196765
vt 0.343467 0.194697
vt 0.365707 0.196519
vt 0.379545 0.194802
vt 0.379147 0.382129
vt 0.390402 0.369612
vt 0.388268 0.383439
vt 0.401978 0.459562
vt 0.411702 0.460480
vt 0.411775 0.474420
vt 0.402487 0.474978
vt 0.401978 0.447587
vt 0.411796 0.447407
vt 0.402192 0.439639
vt 0.410925 0.438966
vt 0.392848 0.358466
vt 0.238713 0.437634
vt 0.236942 0.453739
vt 0.235215 0.453823
vt 0.340194 0.462402
vt 0.355125 0.459172
vt 0.355125 0.469870
vt 0.338652 0.472399
vt 0.227481 0.472569
vt 0.344799 0.455317
vt 0.241012 0.464118
vt 0.249498 0.463032
vt 0.249498 0.477153
vt 0.239126 0.471576
vt 0.382608 0.405596
vt 0.374346 0.441104
vt 0.364016 0.412818
vt 0.368821 0.403269
vt 0.365999 0.454010
vt 0.362327 0.412695
vt 0.355582 0.455317
vt 0.340797 0.451549
vt 0.328252 0.424956
vt 0.323578 0.401967
vt 0.323578 0.388783
vt 0.331881 0.386919
vt 0.360524 0.401195
vt 0.344048 0.386000
vt 0.359279 0.387149
vt 0.532795 0.861439
vt 0.547540 0.851931
vt 0.551819 0.888158
vt 0.538944 0.896460
vt 0.408851 0.722894
vt 0.417290 0.715298
vt 0.446963 0.745270
vt 0.439595 0.751903
vt 0.403918 0.726898
vt 0.435287 0.755399
vt 0.682295 0.711370
vt 0.695502 0.704704
vt 0.689107 0.742996
vt 0.677575 0.748817
vt 0.670465 0.708494
vt 0.667244 0.746306
vt 0.493629 0.619861
vt 0.504129 0.630417
vt 0.483811 0.666728
vt 0.474642 0.657510
vt 0.487154 0.615116
vt 0.468988 0.653367
vt 0.560637 0.853862
vt 0.563255 0.889844
vt 0.334791 0.418448
vt 0.346228 0.420134
vt 0.348793 0.433397
vt 0.337357 0.431711
vt 0.257615 0.187800
vt 0.246361 0.197318
vt 0.251961 0.183657
vt 0.483877 0.118165
vt 0.493379 0.120398
vt 0.489522 0.126604
vt 0.483453 0.125017
vt 0.348006 0.458338
vt 0.349523 0.466298
vt 0.341664 0.467932
vt 0.341664 0.456831
vt 0.113808 0.462881
vt 0.125277 0.465327
vt 0.125277 0.473722
vt 0.115214 0.471797
vt 0.202186 0.466014
vt 0.210655 0.466157
vt 0.210056 0.472658
vt 0.203723 0.472370
vt 0.483099 0.139238
vt 0.489906 0.135296
vt 0.489906 0.143137
vt 0.484393 0.145445
vt 0.321916 0.426750
vt 0.325868 0.435917
vt 0.479334 0.268056
vt 0.486939 0.273488
vt 0.486135 0.279107
vt 0.479334 0.274874
vt 0.338869 0.439149
vt 0.349036 0.440225
vt 0.483453 0.102213
vt 0.495255 0.102140
vt 0.497237 0.114192
vt 0.484300 0.111314
vt 0.487117 0.087399
vt 0.496433 0.092023
vt 0.495204 0.082751
vt 0.319061 0.435158
vt 0.125277 0.462309
vt 0.125277 0.456685
vt 0.137008 0.453965
vt 0.134984 0.460350
vt 0.176142 0.471978
vt 0.169935 0.468553
vt 0.169935 0.460494
vt 0.176554 0.465604
vt 0.275538 0.453251
vt 0.261993 0.453131
vt 0.261931 0.446614
vt 0.277928 0.446614
vt 0.470150 0.138507
vt 0.481805 0.138952
vt 0.481805 0.145275
vt 0.472540 0.145445
vt 0.329248 0.449860
vt 0.338539 0.446551
vt 0.339130 0.453971
vt 0.330938 0.456832
vt 0.158338 0.466268
vt 0.166368 0.466700
vt 0.165607 0.473067
vt 0.158576 0.472420
vt 0.281516 0.459511
vt 0.283311 0.465959
vt 0.292309 0.465852
vt 0.292309 0.459987
vt 0.222567 0.282193
vt 0.227190 0.292493
vt 0.218260 0.285690
vt 0.229936 0.275560
vt 0.235955 0.283967
vt 0.319835 0.446989
vt 0.325656 0.448346
vt 0.325551 0.454560
vt 0.320222 0.452905
vt 0.099171 0.466478
vt 0.099437 0.472734
vt 0.108739 0.473060
vt 0.109960 0.466695
vt 0.235434 0.301934
vt 0.242892 0.294678
vt 0.246361 0.300033
vt 0.239555 0.306654
vt 0.390173 0.467362
vt 0.397730 0.465405
vt 0.397069 0.471233
vt 0.390173 0.473019
vt 0.176554 0.469387
vt 0.177516 0.461464
vt 0.183256 0.460494
vt 0.183817 0.469387
vt 0.218470 0.415390
vt 0.226091 0.415931
vt 0.226091 0.424552
vt 0.219511 0.423816
vt 0.489168 0.610876
vt 0.495734 0.615687
vt 0.506382 0.626392
vt 0.670822 0.704303
vt 0.682819 0.707219
vt 0.696211 0.700459
vt 0.400440 0.723738
vt 0.405442 0.719678
vt 0.414000 0.711975
vt 0.270760 0.466526
vt 0.262117 0.466166
vt 0.262055 0.459649
vt 0.273149 0.459889
vt 0.125277 0.473557
vt 0.125277 0.467933
vt 0.132960 0.466736
vt 0.130936 0.473121
vt 0.341895 0.454025
vt 0.340382 0.446587
vt 0.349279 0.447052
vt 0.349523 0.453880
vt 0.479334 0.254420
vt 0.488549 0.262249
vt 0.487744 0.267869
vt 0.479334 0.261238
vt 0.279722 0.453062
vt 0.292309 0.454122
vt 0.292309 0.448257
vt 0.157862 0.453965
vt 0.167890 0.453965
vt 0.167129 0.460332
vt 0.158100 0.460117
vt 0.337948 0.439131
vt 0.327558 0.442888
vt 0.465370 0.124630
vt 0.481805 0.126304
vt 0.481805 0.132628
vt 0.467760 0.131568
vt 0.390173 0.456048
vt 0.399053 0.453748
vt 0.398392 0.459576
vt 0.390173 0.461705
vt 0.239423 0.289323
vt 0.231312 0.297213
vt 0.098637 0.453965
vt 0.098904 0.460221
vt 0.111181 0.460330
vt 0.112402 0.453965
vt 0.325762 0.442131
vt 0.319448 0.441074
vt 0.481805 0.133031
vt 0.489906 0.127455
vt 0.200649 0.459657
vt 0.211255 0.459657
vt 0.125277 0.456932
vt 0.532028 0.349641
vt 0.532714 0.361810
vt 0.541468 0.360127
vt 0.550028 0.344836
s 0
usemtl Material.001
f 46/1/1 47/2/1 108/3/1 107/4/1
f 20/5/2 21/6/2 82/7/2 81/8/2
f 47/9/3 48/10/3 109/11/3 108/12/3
f 287/13/4 22/14/4 83/15/4 288/16/4
f 48/10/5 49/17/5 110/18/5 109/11/5
f 22/14/6 23/19/6 84/20/6 83/15/6
f 49/17/7 50/21/7 111/22/7 110/18/7
f 23/19/8 24/23/8 85/24/8 84/20/8
f 50/21/9 51/25/9 112/26/9 111/22/9
f 24/23/10 25/27/10 86/28/10 85/24/10
f 51/25/11 52/29/11 113/30/11 112/26/11
f 25/27/12 26/31/12 87/32/12 86/28/12
f 52/29/13 53/33/13 114/34/13 113/30/13
f 26/31/14 27/35/14 88/36/14 87/32/14
f 53/33/15 54/37/15 115/38/15 114/34/15
f 27/35/16 28/39/16 89/40/16 88/36/16
f 1/41/17 2/42/17 63/43/17 62/44/17
f 54/37/18 55/45/18 116/46/18 115/38/18
f 28/47/19 29/48/19 90/49/19 89/50/19
f 2/42/20 3/51/20 64/52/20 63/43/20
f 55/45/21 56/53/21 117/54/21 116/46/21
f 29/48/22 30/55/22 91/56/22 90/49/22
f 148/57/23 4/58/23 65/59/23 149/60/23
f 56/53/24 57/61/24 118/62/24 117/54/24
f 30/55/25 31/63/25 92/64/25 91/56/25
f 4/58/26 5/65/26 66/66/26 65/59/26
f 57/61/27 58/67/27 119/68/27 118/62/27
f 31/63/28 32/69/28 93/70/28 92/64/28
f 5/71/29 6/72/29 67/73/29 66/74/29
f 58/67/30 59/75/30 120/76/30 119/68/30
f 32/69/31 33/77/31 94/78/31 93/70/31
f 6/79/32 7/80/32 68/81/32 67/82/32
f 59/75/33 60/83/33 121/84/33 120/76/33
f 33/85/34 34/86/34 95/87/34 94/88/34
f 142/89/35 8/90/35 69/91/35 143/92/35
f 60/93/36 61/94/36 122/95/36 121/96/36
f 34/97/37 35/98/37 96/99/37 95/100/37
f 8/90/38 9/101/38 70/102/38 69/91/38
f 1/103/39 62/104/39 122/105/39 61/106/39
f 35/98/40 36/107/40 97/108/40 96/99/40
f 9/109/41 10/110/41 71/111/41 70/112/41
f 36/113/42 37/114/42 98/115/42 97/116/42
f 10/117/43 11/118/43 72/119/43 71/120/43
f 37/114/44 38/121/44 99/122/44 98/115/44
f 11/123/45 12/124/45 73/125/45 72/126/45
f 38/127/46 39/128/46 100/129/46 99/130/46
f 12/124/47 13/131/47 74/132/47 73/125/47
f 39/128/48 40/133/48 101/134/48 100/129/48
f 13/131/49 14/135/49 75/136/49 74/132/49
f 40/133/50 41/137/50 102/138/50 101/134/50
f 14/139/51 15/140/51 76/141/51 75/142/51
f 41/137/52 42/143/52 103/144/52 102/138/52
f 15/140/53 16/145/53 77/146/53 76/141/53
f 42/143/54 43/147/54 104/148/54 103/144/54
f 16/149/55 17/150/55 78/151/55 77/152/55
f 43/153/56 44/154/56 105/155/56 104/156/56
f 17/157/57 18/158/57 79/159/57 78/160/57
f 44/154/58 45/161/58 106/162/58 105/155/58
f 18/158/59 19/163/59 80/164/59 79/159/59
f 45/161/60 46/1/60 107/4/60 106/162/60
f 19/163/61 20/165/61 81/166/61 80/164/61
f 129/167/62 76/141/62 77/146/62 128/168/62
f 130/169/63 75/142/63 76/141/63 129/167/63
f 131/170/64 74/132/64 75/136/64 130/171/64
f 132/172/65 73/125/65 74/132/65 131/170/65
f 133/173/66 72/174/66 73/175/66 132/176/66
f 130/177/67 135/178/67 132/176/67 131/179/67
f 133/173/68 132/176/68 135/178/68 134/180/68
f 71/120/69 72/119/69 133/181/69 134/182/69
f 136/183/70 70/112/70 71/111/70 134/184/70
f 137/185/71 69/186/71 70/187/71 136/188/71
f 144/189/72 143/190/72 69/186/72 137/185/72
f 139/191/73 67/73/73 68/192/73 138/193/73
f 140/194/74 137/195/74 136/196/74 134/197/74
f 138/198/75 68/199/75 143/92/75 144/200/75
f 7/201/76 142/89/76 143/92/76 68/199/76
f 141/202/77 144/189/77 137/185/77 140/203/77
f 144/189/78 141/202/78 139/204/78 138/205/78
f 145/206/79 66/74/79 67/73/79 139/191/79
f 146/207/80 65/59/80 66/66/80 145/208/80
f 3/209/81 148/210/81 149/211/81 64/212/81
f 147/213/82 149/60/82 65/59/82 146/207/82
f 150/214/83 64/52/83 149/215/83 147/216/83
f 150/214/84 147/216/84 151/217/84 152/218/84
f 152/219/85 151/220/85 153/221/85 154/222/85
f 154/222/86 153/221/86 155/223/86 156/224/86
f 156/224/87 155/223/87 157/225/87 158/226/87
f 159/227/88 160/228/88 157/229/88
f 158/230/89 157/231/89 160/232/89 161/233/89
f 141/202/90 140/203/90 159/234/90
f 159/235/91 162/236/91 141/237/91
f 141/237/92 162/236/92 145/206/92 139/191/92
f 157/238/93 163/239/93 162/240/93 159/241/93
f 155/242/94 164/243/94 163/244/94 157/245/94
f 165/246/95 164/243/95 155/242/95 153/247/95
f 153/247/96 151/248/96 165/246/96
f 146/207/97 165/246/97 151/248/97 147/213/97
f 162/249/98 163/244/98 145/208/98
f 146/250/99 145/251/99 163/252/99 164/253/99 165/254/99
f 166/255/100 63/43/100 64/52/100 150/214/100
f 167/256/101 62/257/101 63/258/101 166/259/101
f 152/219/102 168/260/102 166/259/102 150/261/102
f 167/256/103 166/259/103 168/260/103 169/262/103
f 169/262/104 170/263/104 167/256/104
f 122/264/105 62/257/105 167/256/105 171/265/105
f 172/266/106 121/84/106 122/267/106 171/268/106
f 173/269/107 120/76/107 121/84/107 172/266/107
f 174/270/108 119/68/108 120/76/108 173/269/108
f 175/271/109 118/62/109 119/68/109 174/270/109
f 176/272/110 117/54/110 118/62/110 175/271/110
f 177/273/111 116/46/111 117/54/111 176/272/111
f 116/46/112 177/273/112 123/274/112 115/38/112
f 124/275/113 123/275/113 177/276/113 178/277/113 125/278/113
f 126/279/114 125/278/114 178/277/114 179/280/114
f 127/281/115 126/279/115 179/280/115 180/282/115
f 127/281/116 180/282/116 129/167/116 128/168/116
f 130/169/117 129/167/117 180/282/117 181/283/117
f 134/284/118 160/285/118 159/286/118 140/287/118
f 135/288/119 130/169/119 181/283/119 182/289/119
f 160/232/120 134/290/120 161/233/120
f 134/291/121 135/292/121 182/293/121 161/294/121
f 183/295/122 181/283/122 180/282/122 179/280/122
f 184/296/123 183/295/123 179/280/123 178/277/123
f 176/297/124 184/298/124 178/299/124 177/300/124
f 185/301/125 184/298/125 176/297/125 175/302/125
f 186/303/126 185/301/126 175/302/126 174/304/126
f 187/305/127 186/303/127 174/304/127 173/306/127
f 173/306/128 172/307/128 187/305/128
f 188/308/129 187/305/129 172/307/129 171/265/129
f 171/309/130 167/310/130 170/311/130 188/312/130 187/313/130 172/314/130
f 154/222/131 168/260/131 152/219/131
f 156/224/132 189/315/132 168/260/132 154/222/132
f 189/315/133 190/316/133 168/260/133
f 169/262/134 168/260/134 190/316/134
f 158/226/135 191/317/135 189/315/135 156/224/135
f 161/294/136 192/318/136 191/317/136 158/226/136
f 193/319/137 192/318/137 161/294/137 182/293/137
f 182/293/138 181/320/138 183/321/138 193/319/138
f 184/298/139 194/322/139 193/319/139 183/321/139
f 194/322/140 184/298/140 195/323/140
f 185/301/141 196/324/141 195/323/141 184/298/141
f 186/303/142 197/325/142 196/324/142 185/301/142
f 187/305/143 198/326/143 197/325/143 186/303/143
f 187/313/144 188/312/144 170/311/144 198/327/144
f 193/319/145 199/328/145 192/318/145
f 201/329/146 200/330/146 199/331/146 193/332/146
f 201/329/147 202/333/147 200/330/147
f 204/334/148 200/330/148 202/333/148 203/335/148
f 206/336/149 205/337/149 204/334/149 203/335/149
f 206/336/150 208/338/150 207/339/150 205/337/150
f 209/340/151 207/339/151 208/338/151 169/341/151
f 190/316/152 210/342/152 209/343/152 169/262/152
f 190/316/153 189/315/153 210/342/153
f 191/317/154 211/344/154 210/342/154 189/315/154
f 191/317/155 192/318/155 199/328/155 211/344/155
f 211/344/156 199/328/156 212/345/156 213/346/156
f 214/347/157 210/342/157 211/344/157 213/346/157
f 215/348/158 209/343/158 210/342/158 214/347/158
f 216/349/159 207/350/159 209/351/159 215/352/159
f 217/353/160 205/354/160 207/355/160 216/356/160
f 218/357/161 204/358/161 205/354/161 217/353/161
f 219/359/162 200/360/162 204/361/162 218/362/162
f 200/360/163 219/359/163 212/363/163 199/364/163
f 213/346/164 212/345/164 220/365/164
f 214/347/165 213/346/165 220/365/165 221/366/165
f 215/348/166 214/347/166 221/366/166
f 216/367/167 215/368/167 221/369/167
f 217/370/168 216/367/168 221/369/168
f 218/371/169 220/372/169 212/373/169 219/374/169
f 217/370/170 221/369/170 220/372/170 218/371/170
f 78/151/171 128/375/171 77/152/171
f 222/376/172 127/377/172 128/375/172 78/151/172
f 125/378/173 126/379/173 127/377/173 222/376/173 223/380/173
f 227/381/174 125/382/174 223/383/174 224/384/174
f 226/385/175 227/381/175 224/384/175 225/386/175
f 123/387/176 124/387/176 125/388/176 227/389/176
f 228/390/177 123/274/177 227/391/177 226/392/177
f 123/274/178 228/390/178 115/38/178
f 229/393/179 114/34/179 115/38/179 228/390/179
f 230/394/180 113/30/180 114/34/180 229/393/180
f 231/395/181 229/393/181 228/390/181 226/392/181
f 230/394/182 229/393/182 231/395/182 232/396/182
f 226/392/183 225/397/183 231/395/183
f 232/396/184 231/395/184 225/397/184 233/398/184
f 223/380/185 222/376/185 234/399/185
f 78/151/186 235/400/186 234/399/186 222/376/186
f 79/401/187 236/402/187 235/403/187 78/404/187
f 80/405/188 237/406/188 236/402/188 79/401/188
f 81/8/189 238/407/189 237/408/189 80/409/189
f 238/410/190 81/411/190 239/412/190
f 82/413/191 239/412/191 81/411/191
f 236/402/192 243/414/192 240/415/192 235/403/192
f 244/416/193 241/417/193 240/415/193 243/414/193
f 245/418/194 242/419/194 241/417/194 244/416/194
f 238/420/195 245/418/195 244/416/195 237/406/195
f 237/406/196 244/416/196 243/414/196 236/402/196
f 241/417/197 247/421/197 246/422/197 240/415/197
f 248/423/198 230/394/198 232/396/198 233/398/198
f 233/424/199 246/422/199 247/421/199 248/425/199
f 249/426/200 112/26/200 113/30/200 230/394/200
f 250/427/201 111/22/201 112/26/201 249/426/201
f 251/428/202 110/18/202 111/22/202 250/427/202
f 248/423/203 247/429/203 249/426/203 230/394/203
f 253/430/204 252/431/204 251/428/204 250/427/204
f 241/417/205 253/432/205 249/433/205 247/421/205
f 250/427/206 249/426/206 253/430/206
f 241/417/207 242/419/207 252/434/207 253/432/207
f 252/434/208 242/419/208 254/435/208
f 255/436/209 251/428/209 252/431/209 254/437/209
f 109/438/210 110/439/210 251/440/210 252/441/210 254/442/210 255/443/210
f 84/20/211 256/444/211 83/15/211
f 255/443/212 256/445/212 84/446/212 109/438/212
f 84/447/213 85/448/213 108/449/213 109/450/213
f 85/448/214 86/451/214 107/452/214 108/449/214
f 86/451/215 87/453/215 106/454/215 107/452/215
f 87/453/216 88/455/216 105/456/216 106/454/216
f 88/455/217 89/457/217 104/458/217 105/456/217
f 89/457/218 90/459/218 103/460/218 104/458/218
f 90/459/219 91/461/219 102/462/219 103/460/219
f 91/461/220 92/463/220 101/464/220 102/462/220
f 92/463/221 93/465/221 100/466/221 101/464/221
f 93/465/222 94/467/222 99/468/222 100/466/222
f 94/467/223 95/469/223 98/470/223 99/468/223
f 95/469/224 96/471/224 97/472/224 98/470/224
f 170/473/225 169/474/225 208/475/225 257/476/225
f 258/477/226 257/478/226 208/479/226 206/480/226
f 259/481/227 258/477/227 206/480/227 203/482/227
f 260/483/228 202/484/228 203/485/228 259/486/228
f 260/483/229 259/486/229 203/485/229 202/484/229 201/487/229 193/488/229 194/489/229
f 195/490/230 261/491/230 260/492/230 194/493/230
f 262/494/231 259/495/231 260/492/231 261/491/231
f 263/496/232 258/497/232 259/495/232 262/494/232
f 264/498/233 257/499/233 258/497/233 263/496/233
f 186/500/234 187/501/234 264/502/234
f 170/473/235 257/476/235 188/503/235
f 264/498/236 187/504/236 188/505/236 257/499/236
f 185/506/237 186/500/237 264/502/237
f 264/502/238 263/507/238 196/508/238 185/506/238
f 196/509/239 262/494/239 261/491/239 195/490/239
f 262/494/240 196/509/240 263/496/240
f 225/386/241 224/384/241 265/510/241 266/511/241
f 233/398/242 225/397/242 266/512/242 267/513/242
f 246/514/243 233/398/243 267/513/243 268/515/243
f 269/516/244 240/517/244 246/518/244 268/519/244
f 270/520/245 235/521/245 240/522/245 269/523/245
f 271/524/246 234/399/246 235/400/246 270/525/246
f 272/526/247 223/380/247 234/399/247 271/524/247
f 223/383/248 272/527/248 265/510/248 224/384/248
f 384/528/249 274/529/249 273/530/249 383/531/249
f 385/532/250 384/533/250 272/526/250 271/524/250
f 386/534/251 385/532/251 271/524/251 270/525/251
f 387/535/252 386/536/252 270/520/252 269/523/252
f 388/537/253 387/535/253 269/523/253 268/538/253
f 389/539/254 388/540/254 268/515/254 267/513/254
f 390/541/255 389/539/255 267/513/255 266/512/255
f 390/542/256 383/531/256 273/530/256 280/543/256
f 282/544/257 281/545/257 239/546/257 82/547/257
f 21/548/258 284/549/258 285/550/258 82/551/258
f 283/552/259 282/544/259 82/547/259 285/553/259
f 284/549/260 287/13/260 288/16/260 285/550/260
f 288/554/261 286/555/261 283/552/261 285/553/261
f 83/15/262 256/444/262 288/16/262
f 256/444/263 290/556/263 288/16/263
f 290/556/264 289/557/264 286/558/264 288/16/264
f 292/559/265 290/560/265 256/561/265 255/86/265
f 292/562/266 291/563/266 289/557/266 290/556/266
f 293/564/267 292/565/267 255/443/267 254/442/267
f 294/566/268 293/567/268 254/435/268 242/419/268
f 295/568/269 294/566/269 242/419/269 245/418/269
f 296/569/270 295/570/270 245/571/270 238/572/270
f 239/573/271 296/574/271 238/575/271
f 281/576/272 297/577/272 296/569/272 239/578/272
f 298/579/273 295/570/273 296/569/273 297/577/273
f 299/580/274 294/566/274 295/568/274 298/581/274
f 300/582/275 293/567/275 294/566/275 299/580/275
f 291/583/276 292/584/276 293/585/276 300/586/276
f 302/587/277 301/588/277 298/589/277 297/590/277
f 303/591/278 302/587/278 297/590/278 281/592/278
f 282/593/279 304/594/279 303/591/279 281/592/279
f 283/552/280 304/595/280 282/544/280
f 286/555/281 305/596/281 304/595/281 283/552/281
f 305/596/282 286/555/282 306/597/282
f 289/598/283 307/599/283 306/600/283 286/601/283
f 291/583/284 308/602/284 307/599/284 289/598/284
f 300/586/285 309/603/285 308/602/285 291/583/285
f 310/604/286 309/605/286 300/582/286 299/580/286
f 299/580/287 298/581/287 301/606/287 310/604/287
f 310/607/288 301/608/288 311/609/288 312/610/288
f 302/611/289 313/612/289 311/609/289 301/608/289
f 303/613/290 314/614/290 313/612/290 302/611/290
f 314/615/291 303/616/291 315/617/291
f 304/618/292 316/619/292 315/620/292 303/621/292
f 318/622/293 317/623/293 316/619/293 304/618/293
f 305/624/294 319/625/294 318/622/294 304/618/294
f 321/626/295 320/627/295 319/628/295 305/629/295
f 306/630/296 322/631/296 321/626/296 305/629/296
f 307/632/297 323/633/297 322/634/297 306/635/297
f 308/636/298 324/637/298 307/632/298
f 309/638/299 325/639/299 324/637/299 308/636/299
f 310/640/300 326/641/300 325/639/300 309/638/300
f 312/610/301 326/642/301 310/607/301
f 323/633/302 307/632/302 324/637/302 327/643/302
f 325/639/303 328/644/303 327/643/303 324/637/303
f 326/645/304 328/646/304 325/647/304
f 329/648/305 328/646/305 326/645/305 312/649/305
f 329/650/306 312/651/306 330/652/306 331/653/306
f 332/654/307 330/655/307 312/610/307 311/609/307
f 313/612/308 333/656/308 332/654/308 311/609/308
f 314/614/309 334/657/309 333/656/309 313/612/309
f 334/658/310 314/615/310 335/659/310 336/660/310
f 337/661/311 333/662/311 334/663/311 336/664/311
f 338/665/312 332/666/312 333/662/312 337/661/312
f 331/667/313 330/668/313 332/666/313 338/665/313
f 315/617/314 339/669/314 335/659/314 314/615/314
f 316/670/315 340/671/315 339/672/315 315/624/315
f 317/673/316 341/674/316 340/675/316 316/676/316
f 318/622/317 342/677/317 317/623/317
f 319/625/318 342/677/318 318/622/318
f 341/674/319 317/673/319 342/678/319
f 319/679/320 320/680/320 341/681/320 342/682/320
f 320/683/321 321/684/321 340/685/321 341/686/321
f 321/684/322 322/687/322 339/688/322 340/685/322
f 323/689/323 339/688/323 322/687/323
f 323/689/324 327/690/324 328/691/324 339/688/324
f 328/691/325 329/692/325 331/693/325 338/694/325
f 335/695/326 339/688/326 337/696/326 336/697/326
f 337/696/327 339/688/327 328/691/327 338/694/327
f 376/698/328 375/699/328 343/700/328 350/701/328
f 377/702/329 376/703/329 350/704/329 349/705/329
f 378/706/330 377/702/330 349/705/330 348/707/330
f 379/708/331 378/709/331 348/710/331 347/711/331
f 380/712/332 379/708/332 347/711/332 346/713/332
f 381/714/333 380/715/333 346/716/333 345/717/333
f 382/718/334 381/714/334 345/717/334 344/719/334
f 375/699/335 382/720/335 344/721/335 343/700/335
f 343/722/336 344/723/336 352/724/336 351/725/336
f 345/726/337 352/727/337 344/728/337
f 416/729/338 415/730/338 357/731/338 355/732/338
f 355/733/339 357/734/339 356/735/339 354/736/339
f 418/737/340 417/738/340 354/739/340 356/740/340
f 417/741/341 416/742/341 355/743/341 354/744/341
f 415/745/342 418/746/342 356/747/342 357/748/342
f 350/749/343 343/722/343 351/725/343 358/750/343
f 391/751/344 394/752/344 360/753/344 359/754/344
f 395/755/345 351/725/345 352/724/345 392/756/345
f 347/757/346 362/758/346 353/759/346 346/760/346
f 348/761/347 363/762/347 362/758/347 347/757/347
f 363/762/348 348/761/348 364/763/348
f 358/750/349 365/764/349 350/749/349
f 393/765/350 353/766/350 362/767/350 397/768/350
f 360/769/351 366/770/351 361/771/351 359/772/351
f 395/773/352 397/774/352 362/775/352 351/776/352
f 401/777/353 400/778/353 369/779/353 367/780/353
f 403/781/354 401/782/354 367/783/354 368/784/354
f 400/785/355 406/786/355 370/787/355 369/788/355
f 403/789/356 368/790/356 370/791/356 406/792/356
f 349/793/357 364/794/357 348/795/357
f 350/796/358 365/797/358 364/794/358 349/793/358
f 409/798/359 408/799/359 371/800/359 374/801/359
f 411/802/360 372/803/360 371/804/360 408/805/360
f 413/806/361 409/807/361 374/808/361 373/809/361
f 411/810/362 413/811/362 373/812/362 372/813/362
f 373/814/363 374/815/363 371/816/363 372/817/363
f 368/818/364 367/819/364 369/820/364 370/821/364
f 273/530/365 274/529/365 382/720/365 375/699/365
f 274/822/366 275/823/366 381/714/366 382/718/366
f 275/823/367 276/824/367 380/715/367 381/714/367
f 276/825/368 277/826/368 379/708/368 380/712/368
f 277/826/369 278/827/369 378/709/369 379/708/369
f 278/828/370 279/829/370 377/702/370 378/706/370
f 279/829/371 280/830/371 376/703/371 377/702/371
f 280/543/372 273/530/372 375/699/372 376/698/372
f 266/511/373 265/510/373 383/531/373 390/542/373
f 280/830/374 279/829/374 389/539/374 390/541/374
f 279/829/375 278/828/375 388/540/375 389/539/375
f 278/827/376 277/826/376 387/535/376 388/537/376
f 277/826/377 276/825/377 386/536/377 387/535/377
f 276/824/378 275/823/378 385/532/378 386/534/378
f 275/823/379 274/822/379 384/533/379 385/532/379
f 272/527/380 384/528/380 383/531/380 265/510/380
f 361/831/381 366/832/381 398/833/381 396/834/381
f 396/834/382 398/833/382 397/774/382 395/773/382
f 360/835/383 394/836/383 398/837/383 366/838/383
f 394/836/384 393/765/384 397/768/384 398/837/384
f 361/839/385 396/840/385 391/841/385 359/842/385
f 396/840/386 395/755/386 392/756/386 391/841/386
f 352/843/387 353/844/387 393/845/387 392/846/387
f 392/846/388 393/845/388 394/752/388 391/751/388
f 358/776/389 404/847/389 405/848/389 363/849/389
f 404/847/390 403/789/390 406/792/390 405/848/390
f 362/850/391 363/851/391 405/852/391 399/853/391
f 399/853/392 405/852/392 406/786/392 400/785/392
f 358/750/393 351/725/393 402/854/393 404/855/393
f 404/855/394 402/854/394 401/782/394 403/781/394
f 351/856/395 362/857/395 399/858/395 402/859/395
f 402/859/396 399/858/396 400/778/396 401/777/396
f 363/860/397 364/861/397 414/862/397 412/863/397
f 412/863/362 414/862/362 413/811/362 411/810/362
f 364/794/398 365/797/398 410/864/398 414/865/398
f 414/865/399 410/864/399 409/807/399 413/806/399
f 363/866/400 412/867/400 407/868/400 358/869/400
f 412/867/401 411/802/401 408/805/401 407/868/401
f 365/764/402 358/750/402 407/870/402 410/871/402
f 410/871/403 407/870/403 408/799/403 409/798/403
f 353/872/404 352/873/404 418/746/404 415/745/404
f 345/874/405 346/875/405 416/742/405 417/741/405
f 352/869/406 345/876/406 417/738/406 418/737/406
f 346/760/407 353/759/407 415/730/407 416/729/407
f 46/1/408 464/4/408 465/3/408 47/2/408
f 20/5/409 438/8/409 439/7/409 21/6/409
f 47/9/410 465/12/410 466/11/410 48/10/410
f 287/13/411 641/16/411 440/15/411 22/14/411
f 48/10/412 466/11/412 467/18/412 49/17/412
f 22/14/413 440/15/413 441/20/413 23/19/413
f 49/17/414 467/18/414 468/22/414 50/21/414
f 23/19/415 441/20/415 442/24/415 24/23/415
f 50/21/416 468/22/416 469/26/416 51/25/416
f 24/23/417 442/24/417 443/28/417 25/27/417
f 51/25/418 469/26/418 470/30/418 52/29/418
f 25/27/419 443/28/419 444/32/419 26/31/419
f 52/29/420 470/30/420 471/34/420 53/33/420
f 26/31/421 444/32/421 445/36/421 27/35/421
f 53/33/422 471/34/422 472/38/422 54/37/422
f 27/35/423 445/36/423 446/40/423 28/39/423
f 1/41/424 419/44/424 420/43/424 2/42/424
f 54/37/425 472/38/425 473/46/425 55/45/425
f 28/47/426 446/50/426 447/49/426 29/48/426
f 2/42/427 420/43/427 421/52/427 3/51/427
f 55/45/428 473/46/428 474/54/428 56/53/428
f 29/48/429 447/49/429 448/56/429 30/55/429
f 148/57/430 504/60/430 422/59/430 4/58/430
f 56/53/431 474/54/431 475/62/431 57/61/431
f 30/55/432 448/56/432 449/64/432 31/63/432
f 4/58/433 422/59/433 423/66/433 5/65/433
f 57/61/434 475/62/434 476/68/434 58/67/434
f 31/63/435 449/64/435 450/70/435 32/69/435
f 5/71/436 423/74/436 424/73/436 6/72/436
f 58/67/437 476/68/437 477/76/437 59/75/437
f 32/69/438 450/70/438 451/78/438 33/77/438
f 6/79/439 424/82/439 425/81/439 7/80/439
f 59/75/440 477/76/440 478/84/440 60/83/440
f 33/85/441 451/88/441 452/87/441 34/86/441
f 142/89/442 499/92/442 426/91/442 8/90/442
f 60/93/443 478/96/443 479/95/443 61/94/443
f 34/97/444 452/100/444 453/99/444 35/98/444
f 8/90/445 426/91/445 427/102/445 9/101/445
f 1/103/446 61/106/446 479/105/446 419/104/446
f 35/98/447 453/99/447 454/108/447 36/107/447
f 9/109/448 427/112/448 428/111/448 10/110/448
f 36/113/449 454/116/449 455/115/449 37/114/449
f 10/117/450 428/120/450 429/119/450 11/118/450
f 37/114/451 455/115/451 456/122/451 38/121/451
f 11/123/452 429/126/452 430/125/452 12/124/452
f 38/127/453 456/130/453 457/129/453 39/128/453
f 12/124/454 430/125/454 431/132/454 13/131/454
f 39/128/455 457/129/455 458/134/455 40/133/455
f 13/131/456 431/132/456 432/136/456 14/135/456
f 40/133/457 458/134/457 459/138/457 41/137/457
f 14/139/458 432/142/458 433/141/458 15/140/458
f 41/137/459 459/138/459 460/144/459 42/143/459
f 15/140/460 433/141/460 434/146/460 16/145/460
f 42/143/461 460/144/461 461/148/461 43/147/461
f 16/149/462 434/152/462 435/151/462 17/150/462
f 43/153/463 461/156/463 462/155/463 44/154/463
f 17/157/464 435/160/464 436/159/464 18/158/464
f 44/154/465 462/155/465 463/162/465 45/161/465
f 18/158/466 436/159/466 437/164/466 19/163/466
f 45/161/467 463/162/467 464/4/467 46/1/467
f 19/163/468 437/164/468 438/166/468 20/165/468
f 486/167/469 485/168/469 434/146/469 433/141/469
f 487/169/470 486/167/470 433/141/470 432/142/470
f 488/170/471 487/171/471 432/136/471 431/132/471
f 489/172/472 488/170/472 431/132/472 430/125/472
f 490/173/473 489/176/473 430/175/473 429/174/473
f 487/177/474 488/179/474 489/176/474 492/178/474
f 490/173/475 491/180/475 492/178/475 489/176/475
f 428/120/476 491/182/476 490/181/476 429/119/476
f 493/183/477 491/184/477 428/111/477 427/112/477
f 494/185/478 493/188/478 427/187/478 426/186/478
f 500/189/479 494/185/479 426/186/479 499/190/479
f 496/191/480 495/193/480 425/192/480 424/73/480
f 497/194/481 491/197/481 493/196/481 494/195/481
f 495/198/482 500/200/482 499/92/482 425/199/482
f 7/201/483 425/199/483 499/92/483 142/89/483
f 498/202/484 497/203/484 494/185/484 500/189/484
f 500/189/485 495/205/485 496/204/485 498/202/485
f 501/206/486 496/191/486 424/73/486 423/74/486
f 502/207/487 501/208/487 423/66/487 422/59/487
f 3/209/488 421/212/488 504/211/488 148/210/488
f 503/213/489 502/207/489 422/59/489 504/60/489
f 505/214/490 503/216/490 504/215/490 421/52/490
f 505/214/491 507/218/491 506/217/491 503/216/491
f 507/219/492 509/222/492 508/221/492 506/220/492
f 509/222/493 511/224/493 510/223/493 508/221/493
f 511/224/494 513/226/494 512/225/494 510/223/494
f 514/227/495 512/229/495 515/228/495
f 513/230/496 516/233/496 515/232/496 512/231/496
f 498/202/497 514/234/497 497/203/497
f 514/235/498 498/237/498 517/236/498
f 498/237/499 496/191/499 501/206/499 517/236/499
f 512/238/500 514/241/500 517/240/500 518/239/500
f 510/242/501 512/245/501 518/244/501 519/243/501
f 520/246/502 508/247/502 510/242/502 519/243/502
f 508/247/503 520/246/503 506/248/503
f 502/207/504 503/213/504 506/248/504 520/246/504
f 517/249/505 501/208/505 518/244/505
f 502/250/506 520/254/506 519/253/506 518/252/506 501/251/506
f 521/255/507 505/214/507 421/52/507 420/43/507
f 522/256/508 521/259/508 420/258/508 419/257/508
f 507/219/509 505/261/509 521/259/509 523/260/509
f 522/256/510 524/262/510 523/260/510 521/259/510
f 524/262/511 522/256/511 525/263/511
f 479/264/512 526/265/512 522/256/512 419/257/512
f 527/266/513 526/268/513 479/267/513 478/84/513
f 528/269/514 527/266/514 478/84/514 477/76/514
f 529/270/515 528/269/515 477/76/515 476/68/515
f 530/271/516 529/270/516 476/68/516 475/62/516
f 531/272/517 530/271/517 475/62/517 474/54/517
f 532/273/518 531/272/518 474/54/518 473/46/518
f 473/46/519 472/38/519 480/274/519 532/273/519
f 481/275/520 482/278/520 533/277/520 532/276/520 480/275/520
f 483/279/521 534/280/521 533/277/521 482/278/521
f 484/281/522 535/282/522 534/280/522 483/279/522
f 484/281/523 485/168/523 486/167/523 535/282/523
f 487/169/524 536/283/524 535/282/524 486/167/524
f 491/284/525 497/287/525 514/286/525 515/285/525
f 492/288/526 537/289/526 536/283/526 487/169/526
f 515/232/527 516/233/527 491/290/527
f 491/291/528 516/294/528 537/293/528 492/292/528
f 538/295/529 534/280/529 535/282/529 536/283/529
f 539/296/530 533/277/530 534/280/530 538/295/530
f 531/297/531 532/300/531 533/299/531 539/298/531
f 540/301/532 530/302/532 531/297/532 539/298/532
f 541/303/533 529/304/533 530/302/533 540/301/533
f 542/305/534 528/306/534 529/304/534 541/303/534
f 528/306/535 542/305/535 527/307/535
f 543/308/536 526/265/536 527/307/536 542/305/536
f 526/309/537 527/314/537 542/313/537 543/312/537 525/311/537 522/310/537
f 509/222/538 507/219/538 523/260/538
f 511/224/539 509/222/539 523/260/539 544/315/539
f 544/315/540 523/260/540 545/316/540
f 524/262/541 545/316/541 523/260/541
f 513/226/542 511/224/542 544/315/542 546/317/542
f 516/294/543 513/226/543 546/317/543 547/318/543
f 548/319/544 537/293/544 516/294/544 547/318/544
f 537/293/545 548/319/545 538/321/545 536/320/545
f 539/298/546 538/321/546 548/319/546 549/322/546
f 549/322/547 550/323/547 539/298/547
f 540/301/548 539/298/548 550/323/548 551/324/548
f 541/303/549 540/301/549 551/324/549 552/325/549
f 542/305/550 541/303/550 552/325/550 553/326/550
f 542/313/551 553/327/551 525/311/551 543/312/551
f 548/319/552 547/318/552 554/328/552
f 556/329/553 548/332/553 554/331/553 555/330/553
f 556/329/554 555/330/554 557/333/554
f 559/334/555 558/335/555 557/333/555 555/330/555
f 561/336/556 558/335/556 559/334/556 560/337/556
f 561/336/557 560/337/557 562/339/557 563/338/557
f 564/340/558 524/341/558 563/338/558 562/339/558
f 545/316/559 524/262/559 564/343/559 565/342/559
f 545/316/560 565/342/560 544/315/560
f 546/317/561 544/315/561 565/342/561 566/344/561
f 546/317/562 566/344/562 554/328/562 547/318/562
f 566/344/563 568/346/563 567/345/563 554/328/563
f 569/347/564 568/346/564 566/344/564 565/342/564
f 570/348/565 569/347/565 565/342/565 564/343/565
f 571/349/566 570/352/566 564/351/566 562/350/566
f 572/353/567 571/356/567 562/355/567 560/354/567
f 573/357/568 572/353/568 560/354/568 559/358/568
f 574/359/569 573/362/569 559/361/569 555/360/569
f 555/360/570 554/364/570 567/363/570 574/359/570
f 568/346/571 575/365/571 567/345/571
f 569/347/572 576/366/572 575/365/572 568/346/572
f 570/348/573 576/366/573 569/347/573
f 571/367/574 576/369/574 570/368/574
f 572/370/575 576/369/575 571/367/575
f 573/371/576 574/374/576 567/373/576 575/372/576
f 572/370/577 573/371/577 575/372/577 576/369/577
f 435/151/578 434/152/578 485/375/578
f 577/376/579 435/151/579 485/375/579 484/377/579
f 482/378/580 578/380/580 577/376/580 484/377/580 483/379/580
f 582/381/581 579/384/581 578/383/581 482/382/581
f 581/385/582 580/386/582 579/384/582 582/381/582
f 480/387/583 582/389/583 482/388/583 481/387/583
f 583/390/584 581/392/584 582/391/584 480/274/584
f 480/274/585 472/38/585 583/390/585
f 584/393/586 583/390/586 472/38/586 471/34/586
f 585/394/587 584/393/587 471/34/587 470/30/587
f 586/395/588 581/392/588 583/390/588 584/393/588
f 585/394/589 587/396/589 586/395/589 584/393/589
f 581/392/590 586/395/590 580/397/590
f 587/396/591 588/398/591 580/397/591 586/395/591
f 578/380/592 589/399/592 577/376/592
f 435/151/593 577/376/593 589/399/593 590/400/593
f 436/401/594 435/404/594 590/403/594 591/402/594
f 437/405/595 436/401/595 591/402/595 592/406/595
f 438/8/596 437/409/596 592/408/596 593/407/596
f 593/410/597 594/412/597 438/411/597
f 439/413/598 438/411/598 594/412/598
f 591/402/599 590/403/599 595/415/599 598/414/599
f 599/416/600 598/414/600 595/415/600 596/417/600
f 600/418/601 599/416/601 596/417/601 597/419/601
f 593/420/602 592/406/602 599/416/602 600/418/602
f 592/406/603 591/402/603 598/414/603 599/416/603
f 596/417/604 595/415/604 601/422/604 602/421/604
f 603/423/605 588/398/605 587/396/605 585/394/605
f 588/424/606 603/425/606 602/421/606 601/422/606
f 604/426/607 585/394/607 470/30/607 469/26/607
f 605/427/608 604/426/608 469/26/608 468/22/608
f 606/428/609 605/427/609 468/22/609 467/18/609
f 603/423/610 585/394/610 604/426/610 602/429/610
f 608/430/611 605/427/611 606/428/611 607/431/611
f 596/417/612 602/421/612 604/433/612 608/432/612
f 605/427/613 608/430/613 604/426/613
f 596/417/614 608/432/614 607/434/614 597/419/614
f 607/434/615 609/435/615 597/419/615
f 610/436/616 609/437/616 607/431/616 606/428/616
f 466/438/617 610/443/617 609/442/617 607/441/617 606/440/617 467/439/617
f 441/20/618 440/15/618 611/444/618
f 610/443/619 466/438/619 441/446/619 611/445/619
f 441/447/620 466/450/620 465/449/620 442/448/620
f 442/448/621 465/449/621 464/452/621 443/451/621
f 443/451/622 464/452/622 463/454/622 444/453/622
f 444/453/623 463/454/623 462/456/623 445/455/623
f 445/455/624 462/456/624 461/458/624 446/457/624
f 446/457/625 461/458/625 460/460/625 447/459/625
f 447/459/626 460/460/626 459/462/626 448/461/626
f 448/461/627 459/462/627 458/464/627 449/463/627
f 449/463/628 458/464/628 457/466/628 450/465/628
f 450/465/629 457/466/629 456/468/629 451/467/629
f 451/467/630 456/468/630 455/470/630 452/469/630
f 452/469/631 455/470/631 454/472/631 453/471/631
f 525/473/632 612/476/632 563/475/632 524/474/632
f 613/477/633 561/480/633 563/479/633 612/478/633
f 614/481/634 558/482/634 561/480/634 613/477/634
f 615/483/635 614/486/635 558/485/635 557/484/635
f 615/483/636 549/489/636 548/488/636 556/487/636 557/484/636 558/485/636 614/486/636
f 550/490/637 549/493/637 615/492/637 616/491/637
f 617/494/638 616/491/638 615/492/638 614/495/638
f 618/496/639 617/494/639 614/495/639 613/497/639
f 619/498/640 618/496/640 613/497/640 612/499/640
f 541/500/641 619/502/641 542/501/641
f 525/473/642 543/503/642 612/476/642
f 619/498/643 612/499/643 543/505/643 542/504/643
f 540/506/644 619/502/644 541/500/644
f 619/502/645 540/506/645 551/508/645 618/507/645
f 551/509/646 550/490/646 616/491/646 617/494/646
f 617/494/647 618/496/647 551/509/647
f 580/386/648 621/511/648 620/510/648 579/384/648
f 588/398/649 622/513/649 621/512/649 580/397/649
f 601/514/650 623/515/650 622/513/650 588/398/650
f 624/516/651 623/519/651 601/518/651 595/517/651
f 625/520/652 624/523/652 595/522/652 590/521/652
f 626/524/653 625/525/653 590/400/653 589/399/653
f 627/526/654 626/524/654 589/399/654 578/380/654
f 578/383/655 579/384/655 620/510/655 627/527/655
f 737/528/656 736/531/656 628/530/656 629/529/656
f 738/532/657 626/524/657 627/526/657 737/533/657
f 739/534/658 625/525/658 626/524/658 738/532/658
f 740/535/659 624/523/659 625/520/659 739/536/659
f 741/537/660 623/538/660 624/523/660 740/535/660
f 742/539/661 622/513/661 623/515/661 741/540/661
f 743/541/662 621/512/662 622/513/662 742/539/662
f 743/542/663 635/543/663 628/530/663 736/531/663
f 637/544/664 439/547/664 594/546/664 636/545/664
f 21/548/665 439/551/665 639/550/665 284/549/665
f 638/552/666 639/553/666 439/547/666 637/544/666
f 284/549/667 639/550/667 641/16/667 287/13/667
f 641/554/668 639/553/668 638/552/668 640/555/668
f 440/15/669 641/16/669 611/444/669
f 611/444/670 641/16/670 643/556/670
f 643/556/671 641/16/671 640/558/671 642/557/671
f 645/559/672 610/86/672 611/561/672 643/560/672
f 645/562/673 643/556/673 642/557/673 644/563/673
f 646/564/674 609/442/674 610/443/674 645/565/674
f 647/566/675 597/419/675 609/435/675 646/567/675
f 648/568/676 600/418/676 597/419/676 647/566/676
f 649/569/677 593/572/677 600/571/677 648/570/677
f 594/573/678 593/575/678 649/574/678
f 636/576/679 594/578/679 649/569/679 650/577/679
f 651/579/680 650/577/680 649/569/680 648/570/680
f 652/580/681 651/581/681 648/568/681 647/566/681
f 653/582/682 652/580/682 647/566/682 646/567/682
f 644/583/683 653/586/683 646/585/683 645/584/683
f 655/587/684 650/590/684 651/589/684 654/588/684
f 656/591/685 636/592/685 650/590/685 655/587/685
f 637/593/686 636/592/686 656/591/686 657/594/686
f 638/552/687 637/544/687 657/595/687
f 640/555/688 638/552/688 657/595/688 658/596/688
f 658/596/689 659/597/689 640/555/689
f 642/598/690 640/601/690 659/600/690 660/599/690
f 644/583/691 642/598/691 660/599/691 661/602/691
f 653/586/692 644/583/692 661/602/692 662/603/692
f 663/604/693 652/580/693 653/582/693 662/605/693
f 652/580/694 663/604/694 654/606/694 651/581/694
f 663/607/695 665/610/695 664/609/695 654/608/695
f 655/611/696 654/608/696 664/609/696 666/612/696
f 656/613/697 655/611/697 666/612/697 667/614/697
f 667/615/698 668/617/698 656/616/698
f 657/618/699 656/621/699 668/620/699 669/619/699
f 671/622/700 657/618/700 669/619/700 670/623/700
f 658/624/701 657/618/701 671/622/701 672/625/701
f 674/626/702 658/629/702 672/628/702 673/627/702
f 659/630/703 658/629/703 674/626/703 675/631/703
f 660/632/704 659/635/704 675/634/704 676/633/704
f 661/636/705 660/632/705 677/637/705
f 662/638/706 661/636/706 677/637/706 678/639/706
f 663/640/707 662/638/707 678/639/707 679/641/707
f 665/610/708 663/607/708 679/642/708
f 676/633/709 680/643/709 677/637/709 660/632/709
f 678/639/710 677/637/710 680/643/710 681/644/710
f 679/645/711 678/647/711 681/646/711
f 682/648/712 665/649/712 679/645/712 681/646/712
f 682/877/713 684/878/713 683/879/713 665/880/713
f 685/654/714 664/609/714 665/610/714 683/655/714
f 666/612/715 664/609/715 685/654/715 686/656/715
f 667/614/716 666/612/716 686/656/716 687/657/716
f 687/658/717 689/660/717 688/659/717 667/615/717
f 690/661/718 689/664/718 687/663/718 686/662/718
f 691/665/719 690/661/719 686/662/719 685/666/719
f 684/667/720 691/665/720 685/666/720 683/668/720
f 668/617/721 667/615/721 688/659/721 692/669/721
f 669/670/722 668/624/722 692/672/722 693/671/722
f 670/673/723 669/676/723 693/675/723 694/674/723
f 671/622/724 670/623/724 695/677/724
f 672/625/725 671/622/725 695/677/725
f 694/674/726 695/678/726 670/673/726
f 672/679/727 695/682/727 694/681/727 673/680/727
f 673/683/728 694/686/728 693/685/728 674/684/728
f 674/684/729 693/685/729 692/688/729 675/687/729
f 676/689/730 675/687/730 692/688/730
f 676/689/731 692/688/731 681/691/731 680/690/731
f 681/691/732 691/694/732 684/693/732 682/692/732
f 688/695/733 689/697/733 690/696/733 692/688/733
f 690/696/734 691/694/734 681/691/734 692/688/734
f 729/698/735 703/701/735 696/700/735 728/699/735
f 730/702/736 702/705/736 703/704/736 729/703/736
f 731/706/737 701/707/737 702/705/737 730/702/737
f 732/708/738 700/711/738 701/710/738 731/709/738
f 733/712/739 699/713/739 700/711/739 732/708/739
f 734/714/740 698/717/740 699/716/740 733/715/740
f 735/718/741 697/719/741 698/717/741 734/714/741
f 728/699/742 696/700/742 697/721/742 735/720/742
f 696/722/743 704/725/743 705/724/743 697/723/743
f 698/726/744 697/728/744 705/727/744
f 769/729/745 708/732/745 710/731/745 768/730/745
f 708/733/746 707/736/746 709/735/746 710/734/746
f 771/737/747 709/740/747 707/739/747 770/738/747
f 770/741/748 707/744/748 708/743/748 769/742/748
f 768/745/749 710/748/749 709/747/749 771/746/749
f 703/749/750 711/750/750 704/725/750 696/722/750
f 744/751/751 712/754/751 713/753/751 747/752/751
f 748/755/752 745/756/752 705/724/752 704/725/752
f 700/757/753 699/760/753 706/759/753 715/758/753
f 701/761/754 700/757/754 715/758/754 716/762/754
f 716/762/755 717/763/755 701/761/755
f 711/750/756 703/749/756 718/764/756
f 746/765/757 750/768/757 715/767/757 706/766/757
f 713/769/758 712/772/758 714/771/758 719/770/758
f 748/773/759 704/776/759 715/775/759 750/774/759
f 754/777/760 720/780/760 722/779/760 753/778/760
f 756/781/761 721/784/761 720/783/761 754/782/761
f 753/785/762 722/788/762 723/787/762 759/786/762
f 756/789/763 759/792/763 723/791/763 721/790/763
f 702/793/764 701/795/764 717/794/764
f 703/796/765 702/793/765 717/794/765 718/797/765
f 762/798/766 727/801/766 724/800/766 761/799/766
f 764/802/767 761/805/767 724/804/767 725/803/767
f 766/806/768 726/809/768 727/808/768 762/807/768
f 764/810/769 725/813/769 726/812/769 766/811/769
f 726/814/770 725/817/770 724/816/770 727/815/770
f 721/818/771 723/821/771 722/820/771 720/819/771
f 628/530/772 728/699/772 735/720/772 629/529/772
f 629/822/773 735/718/773 734/714/773 630/823/773
f 630/823/774 734/714/774 733/715/774 631/824/774
f 631/825/775 733/712/775 732/708/775 632/826/775
f 632/826/776 732/708/776 731/709/776 633/827/776
f 633/828/777 731/706/777 730/702/777 634/829/777
f 634/829/778 730/702/778 729/703/778 635/830/778
f 635/543/779 729/698/779 728/699/779 628/530/779
f 621/511/780 743/542/780 736/531/780 620/510/780
f 635/830/781 743/541/781 742/539/781 634/829/781
f 634/829/782 742/539/782 741/540/782 633/828/782
f 633/827/783 741/537/783 740/535/783 632/826/783
f 632/826/784 740/535/784 739/536/784 631/825/784
f 631/824/785 739/534/785 738/532/785 630/823/785
f 630/823/786 738/532/786 737/533/786 629/822/786
f 627/527/787 620/510/787 736/531/787 737/528/787
f 714/831/788 749/834/788 751/833/788 719/832/788
f 749/834/789 748/773/789 750/774/789 751/833/789
f 713/835/790 719/838/790 751/837/790 747/836/790
f 747/836/791 751/837/791 750/768/791 746/765/791
f 714/839/792 712/842/792 744/841/792 749/840/792
f 749/840/793 744/841/793 745/756/793 748/755/793
f 705/843/794 745/846/794 746/845/794 706/844/794
f 745/846/795 744/751/795 747/752/795 746/845/795
f 711/776/796 716/849/796 758/848/796 757/847/796
f 757/847/797 758/848/797 759/792/797 756/789/797
f 715/850/798 752/853/798 758/852/798 716/851/798
f 752/853/799 753/785/799 759/786/799 758/852/799
f 711/750/800 757/855/800 755/854/800 704/725/800
f 757/855/801 756/781/801 754/782/801 755/854/801
f 704/856/802 755/859/802 752/858/802 715/857/802
f 755/859/803 754/777/803 753/778/803 752/858/803
f 716/860/804 765/863/804 767/862/804 717/861/804
f 765/863/769 764/810/769 766/811/769 767/862/769
f 717/794/805 767/865/805 763/864/805 718/797/805
f 767/865/806 766/806/806 762/807/806 763/864/806
f 716/866/807 711/869/807 760/868/807 765/867/807
f 765/867/808 760/868/808 761/805/808 764/802/808
f 718/764/809 763/871/809 760/870/809 711/750/809
f 763/871/810 762/798/810 761/799/810 760/870/810
f 706/872/811 768/745/811 771/746/811 705/873/811
f 698/874/812 770/741/812 769/742/812 699/875/812
f 705/869/813 771/737/813 770/738/813 698/876/813
f 699/760/814 769/729/814 768/730/814 706/759/814
o Cube.001
v -0.184536 -0.184536 0.540478
v -0.184536 0.184536 0.540478
v -0.184536 -0.184536 0.171405
v -0.184536 0.184536 0.171405
v 0.184536 -0.184536 0.540478
v 0.184536 0.184536 0.540478
v 0.184536 -0.184536 0.171405
v 0.184536 0.184536 0.171405
vn -1.0000 -0.0000 -0.0000
vn -0.0000 -0.0000 -1.0000
vn 1.0000 -0.0000 -0.0000
vn -0.0000 -0.0000 1.0000
vn -0.0000 -1.0000 -0.0000
vn -0.0000 1.0000 -0.0000
vt 0.375000 0.000000
vt 0.625000 0.000000
vt 0.625000 0.250000
vt 0.375000 0.250000
vt 0.625000 0.500000
vt 0.375000 0.500000
vt 0.625000 0.750000
vt 0.375000 0.750000
vt 0.625000 1.000000
vt 0.375000 1.000000
vt 0.125000 0.500000
vt 0.125000 0.750000
vt 0.875000 0.500000
vt 0.875000 0.750000
s 0
f 772/881/815 773/882/815 775/883/815 774/884/815
f 774/884/816 775/883/816 779/885/816 778/886/816
f 778/886/817 779/885/817 777/887/817 776/888/817
f 776/888/818 777/887/818 773/889/818 772/890/818
f 774/891/819 778/886/819 776/888/819 772/892/819
f 779/885/820 775/893/820 773/894/820 777/887/820
o Plane
v -1.000000 -0.186161 1.000000
v 1.000000 -0.186161 1.000000
v -1.000000 -0.186161 -1.000000
v 1.000000 -0.186161 -1.000000
vn -0.0000 1.0000 -0.0000
vt 0.000000 0.000000
vt 1.000000 0.000000
vt 1.000000 1.000000
vt 0.000000 1.000000
s 0
f 780/895/821 781/896/821 783/897/821 782/898/821
